English Title	Original Title	Year	Duration(min)	Decade	Country	Director	Director's Gender	Writer	Writer's Gender	DP	DP's Gender	Producer	Producer's Gender	Genre	Wikidata ID	IMDb ID
The Cabbage Fairy	La Fée aux Choux	1896	1	1890s	FRA	Alice Guy-Blaché	female	Alice Guy	female					Family/ Fantasy	Q1139999	tt0223341
A Trip to the Moon	Le Voyage dans la Lune	1902	16	1900s	FRA	Georges Méliès	male	Georges Méliès	male	Lucien Tainguy	male	Georges Méliès	male	Action/ Adventure	Q244971	tt0000417
Life of an American Fireman	Life of an American Fireman	1903	6	1900s	USA	Edwin Stanton Porter/ George S. Fleming	male/ male	Edwin Stanton Porter	male	Edwin Stanton Porter	male			Action	Q1824475	tt0000447
The Great Train Robbery	The Great Train Robbery	1903	12	1900s	USA	Edwin Stanton Porter	male	Edwin Stanton Porter	male			Edwin Stanton Porter	male	Action/ Adventure	Q470329	tt0000439
Rescued by Rover	Rescued by Rover	1905	6	1900s	GBR	Lewin Fitzhamon/ Cecil Hepworth	male/ male	Mrs. Hepworth	female	Cecil Hepworth	male	Cecil Hepworth	male	Crime/ Drama	Q1333248	tt0000498
A Corner in Wheat	A Corner in Wheat	1909	14	1900s	USA	D. W. Griffith	male	D. W. Griffith/ Frank E. Woods	male/ male	Billy Bitzer	male			Crime/ Drama	Q1984935	tt0000832
The Abyss	Afgrunden	1910	38	1910s	DNK	Urban Gad	male	Urban Gad	male	Alfred Lind	male			Drama	Q320483	tt0001105
The Lonedale Operator	The Lonedale Operator	1911	17	1910s	USA	D. W. Griffith	male	Mack Sennett	male	Billy Bitzer	male	D. W. Griffith	male	Drama/ Romance	Q3988072	tt0001740
Fantomas: In the Shadow of the Guillotine	Fantômas	1913	54	1910s	FRA	Louis Feuillade	male	Louis Feuillade	male			Romeo Bosetti	male	Crime/ Drama	Q31208392	tt0002844
Suspense	Suspense	1913	10	1910s	USA	Phillips Smalley/ Lois Weber	male/ female	Lois Weber	female					Drama/ Thriller	Q13652328	tt0003424
Cabiria	Cabiria	1914	168	1910s	ITA	Giovanni Pastrone	male	Gabriele D'Annunzio/ Giovanni Pastrone/ Emilio Salgari	male/ male/ male	Eugenio Bava/ Segundo de Chomón/ Giovanni Tomatis/ Augusto Battagliotti/ Natale Chiusano/ Carlo Franzeri	male/ male/ male/ male/ male/ male	Giovanni Pastrone	male	Adventure/ Drama/ History	Q1024861	tt0003740
The Squaw Man	The Squaw Man	1914	74	1910s	USA	Oscar Apfel/ Cecil B. DeMille	male/ male	Cecil B. DeMille/ Oscar Apfel	male/ male			Cecil B. DeMille	male	Action/ Drama/ Romance	Q2613688	tt0004635
The Birth of a Nation	The Birth of a Nation	1915	187	1910s	USA	D. W. Griffith	male	D. W. Griffith/ Frank E. Woods/ Thomas Dixon Jr.	male/ male/ male	Billy Bitzer	male	D. W. Griffith	male	Drama/ History/ War	Q220394	tt0004972
Carmen	Carmen	1915	59	1910s	USA	Cecil B. DeMille	male	William Churchill deMille	male	Alvin Wyckoff	male	Jesse Louis Lasky	male	Drama	Q1749069	tt0005060
Burlesque on Carmen	Burlesque on Carmen	1915	37	1910s	USA	Charlie Chaplin/ Leo White	male/ male	Charlie Chaplin	male	Roland Totheroh	male	Jess Robbins	male	Comedy	Q268879	tt0005077
Intolerance	Intolerance	1916	197	1910s	USA	D. W. Griffith	male	D. W. Griffith/ Tod Browning/ Anita Loos/ Frank E. Woods	male/ male/ female/ male	Billy Bitzer/ Karl Brown	male/ male	D. W. Griffith	male	Drama/ History	Q192206	tt0006864
The Cabinet of Dr. Caligari	Das Cabinet des Dr. Caligari	1920	77	1920s	DEU	Robert Wiene	male	Hans Janowitz/ Carl Mayer	male/ male	Willy Hameister	male	Rudolf Meinert/ Erich Pommer	male/ male	Horror/ Mystery/ Thriller	Q153886	tt0010323
One Week	One Week	1920	22	1920s	USA	Edward F. Cline/ Buster Keaton	male/ male	Edward F. Cline/ Buster Keaton	male/ male	Elgin Lessley	male	Joseph M. Schenck	male	Comedy	Q966597	tt0011541
Rhythmus 21	Rhythmus 21	1921	4	1920s	DEU	Hans Richter	male	Hans Richter	male			Hans Richter	male	Animation	Q59725808	tt0012620
Destiny	Der müde Tod	1921	105	1920s	DEU	Fritz Lang	male	Thea von Harbou/ Fritz Lang	female/ male	Bruno Mondi/ Bruno Timm/ Fritz Arno Wagner/ Erich Nitzschmann	male/ male/ male/ male	Erich Pommer	male	Drama/ Fantasy/ Horror	Q1199484	tt0012494
Nosferatu	Nosferatu – Eine Symphonie des Grauens	1922	94	1920s	DEU	F. W. Murnau	male	Henrik Galeen	male	Günther Krampf/ Fritz Arno Wagner	male/ male	Albin Grau	male	Fantasy/ Horror	Q151895	tt0013442
Nanook of the North	Nanook of the North	1922	78	1920s	FRA/ USA	Robert J. Flaherty	male	Robert J. Flaherty/ Frances H. Flaherty	male/ female	Robert J. Flaherty	male	Robert J. Flaherty	male	Documentary	Q918401	tt0013427
Dr. Mabuse the Gambler	Dr. Mabuse, der Spieler	1922	270	1920s	DEU	Fritz Lang	male	Fritz Lang/ Thea von Harbou	male/ female	Carl Hoffmann	male	Erich Pommer	male	Crime/ Mystery/ Thriller	Q65295621	tt0013086
'A Santanotte	'A Santanotte	1922	60	1920s	ITA	Elvira Notari	female	E. Scala	male					Drama/ Romance	Q104538924	tt0227985
The Ten Commandments	The Ten Commandments	1923	146	1920s	USA	Cecil B. DeMille	male	Jeanie MacPherson	female	Edward S. Curtis/ Bert Glennon/ John Peverell Marley/ Ray Rennahan/ Archie Stout	male/ male/ male/ male/ male	Cecil B. DeMille	male	Biography/ Drama/ Fantasy	Q1217715	tt0014532
La Roue	La Roue	1923	273	1920s	FRA	Abel Gance	male	Abel Gance	male	Léonce-Henri Burel	male	Charles Pathé	male	Drama	Q2445020	tt0014417
Entr'acte	Entr'acte	1924	22	1920s	FRA	René Clair	male	Francis Picabia/ René Clair	male/ male			Rolf de Maré	male	Short	Q1345290	tt0014872
Ballet Mécanique	Ballet Mécanique	1924	19	1920s	FRA	Fernand Léger/ Dudley Murphy	male/ male	Fernand Léger	male	Dudley Murphy/ Man Ray	male/ male	André Charlot	male	Short	Q805227	tt0014694
Greed	Greed	1924	462	1920s	USA	Erich von Stroheim	male	Joseph Farnham/ Erich von Stroheim/ June Mathis	male/ male/ female	William H. Daniels/ Ben F. Reynolds/ Ernest B. Schoedsack	male/ male/ male	Irving Thalberg/ Louis B. Mayer	male/ male	Drama/ Thriller/ Western	Q690583	tt0015881
Battleship Potemkin	Bronenosets Potyomkin	1925	74	1920s	SUN	Sergei Eisenstein	male	Sergei Eisenstein/ Nikolai Aseev/ Sergei Tretyakov/ Nina Agadzhanova-Shutko	male/ male/ male/ female	Eduard Tisse/ Vladimir Uralsky	male/ male	Yakov Bliokh	male	Drama/ History/ Thriller	Q152350	tt0015648
Strike	Стачка	1925	82	1920s	SUN	Sergei Eisenstein	male	Grigori Aleksandrov/ Sergei Eisenstein/ Ilya Kravchunovsky/ Valerian Pletnev	male/ male/ male/ male	Eduard Tisse	male			Drama	Q151177	tt0015361
The Gold Rush	The Gold Rush	1925	96	1920s	USA	Charlie Chaplin	male	Charlie Chaplin	male	Roland Totheroh	male	Charlie Chaplin	male	Adventure/ Comedy/ Drama	Q214723	tt0015864
A Page of Madness	Kurutta Ichipeiji	1926	60	1920s	JPN	Teinosuke Kinugasa	male	Yasunari Kawabata	male			Teinosuke Kinugasa	male	Drama/ Horror/ Thriller	Q1165285	tt0017048
Mother	Мать	1926	88	1920s	SUN	Vsevolod Pudovkin	male	Nathan Zarkhi	male	Anatoli Golovnya	male			Drama	Q1214957	tt0017128
October: Ten Days That Shook the World	Oktyabr	1927	102	1920s	SUN	Grigori Aleksandrov/ Sergei Eisenstein	male/ male	Grigori Aleksandrov/ Sergei Eisenstein	male/ male	Eduard Tisse	male			Drama/ History	Q1156836	tt0018217
The Jazz Singer	The Jazz Singer	1927	88	1920s	USA	Alan Crosland	male	Alfred A. Cohn/ Samson Raphaelson	male/ male	Hal Mohr	male	Darryl F. Zanuck	male	Drama/ Music/ Musical	Q465087	tt0018037
Berlin: Symphony of a Metropolis	Berlin – Die Sinfonie der Großstadt	1927	65	1920s	DEU	Walter Ruttmann	male	Karl Freund/ Carl Mayer/ Walter Ruttmann	male/ male/ male	Robert Baberske/ László Schäffer/ Reimar Kuntze/ Karl Freund	male/ male/ male/ male	Karl Freund	male	Documentary	Q632362	tt0017668
Sunrise: A Song of Two Humans	Sunrise: A Song of Two Humans	1927	91	1920s	USA	F. W. Murnau	male	Carl Mayer/ Hermann Sudermann	male/ male	Charles Rosher/ Karl Struss	male/ male	William Fox	male	Drama/ Romance	Q431093	tt0018455
The General	The General	1927	75	1920s	USA	Buster Keaton/ Clyde Bruckman	male/ male	Al Boasberg/ Paul Girard Smith/ Clyde Bruckman/ Charles Henry Smith/ William Pittenger/ Buster Keaton	male/ male/ male/ male/ male/ male	Devereux Jennings/ Bert Haines	male/ male	Buster Keaton/ Joseph M. Schenck	male/ male	Action/ Adventure/ Comedy	Q850159	tt0017925
Napoléon	Napoléon	1927	330	1920s	DEU/ FRA/ ITA	Abel Gance	male	Abel Gance	male	Jules Kruger/ Georges Meyer/ Léonce-Henri Burel	male/ male/ male	Abel Gance	male	Biography/ Drama/ History	Q1632158	tt0018192
Metropolis	Metropolis	1927	153	1920s	DEU	Fritz Lang	male	Fritz Lang/ Thea von Harbou	male/ female	Karl Freund/ Günther Rittau/ Walter Ruttmann	male/ male/ male	Erich Pommer	male	Drama/ Sci-Fi	Q151599	tt0017136
The Fall of the Romanov Dinasty	Padenie dinastii Romanovykh	1927	90	1920s	SUN	Esfir Shub	female	V.I. Lenin/ Esfir Shub	male/ female					Documentary/ History		tt0018246
Steamboat Willie	Steamboat Willie	1928	7	1920s	USA	Walt Disney/ Ub Iwerks	male/ male	Walt Disney/ Ub Iwerks	male/ male			Roy O. Disney/ Walt Disney	male/ male	Animation/  Comedy	Q816038	tt0019422
The Passion of Joan of Arc	La Passion de Jeanne d'Arc	1928	110	1920s	FRA	Carl Theodor Dreyer	male	Joseph Delteil/ Carl Theodor Dreyer	male/ male	Rudolph Maté	male			Biography/ Drama/ History	Q51520	tt0019254
The Fall of the House of Usher	La Chute de la maison Usher	1928	61	1920s	FRA	Jean Epstein	male	Luis Buñuel/ Jean Epstein	male/ male			Jean Epstein	male	Drama/ Fantasy/ Horror	Q1747223	tt0018770
The Seashell and the Clergyman	La Coquille et le Clergyman	1928	44	1920s	FRA	Germaine Dulac	female	Antonin Artaud	male			Germaine Dulac	female	Short	Q934068	tt0017775
The Crowd	The Crowd	1928	104	1920s	USA	King Vidor	male	King Vidor	male	Henry Sharp	male	Irving Thalberg	male	Drama/ Romance	Q1304986	tt0018806
Man with a Movie Camera	Chelovek s kino-apparatom	1929	68	1920s	SUN	Dziga Vertov	male	Dziga Vertov	male	Mikhail Kaufman	male			Documentary/ Music	Q829250	tt0019760
Rain	Regen	1929	12	1920s	NLD	Joris Ivens/ Mannus Franken	male/ male	Mannus Franken/ Joris Ivens	male/ male	Joris Ivens	male	Mannus Franken	male	Documentary/  History	Q1057777	tt0020321
Un chien andalou	Un chien andalou	1929	16	1920s	FRA	Luis Buñuel	male	Salvador Dalí/ Luis Buñuel	male/ male			Pierre Braunberger/ Luis Buñuel/ Salvador Dalí	male/ male/ male	Fantasy/ Horror	Q190575	tt0020530
Pandora's Box	Die Büchse der Pandora	1929	143	1920s	DEU	Georg Wilhelm Pabst	male	Ladislaus Vajda/ Georg Wilhelm Pabst	male/ male	Günther Krampf	male	Seymour Nebenzal	male	Crime/ Drama/ Romance	Q700736	tt0018737
Drifters	Drifters	1929	49	1920s	GBR	John Grierson	male	John Grierson	male	Basil Emmott	male	John Grierson	male	Documentary	Q545692	tt0019838
Morocco	Morocco	1930	88	1930s	USA	Josef von Sternberg	male	Jules Furthman/ Benno Vigny	male/ male	Lee Garmes/ Lucien Ballard	male/ male	Hector Turnbull	male	Drama/ Romance	Q577754	tt0021156
The Blue Angel	Der blaue Engel	1930	108	1930s	DEU	Josef von Sternberg	male	Carl Zuckmayer/ Karl Vollmöller/ Robert Liebmann/ Heinrich Mann/ Josef von Sternberg	male/ male/ male/ male/ male	Günther Rittau/ Hans Schneeberger	male/ male	Erich Pommer	male	Drama/ Music	Q158047	tt0020697
L’Age d’Or	L'Âge d'or	1930	60	1930s	FRA	Luis Buñuel	male	Luis Buñuel/ Salvador Dalí	male/ male			Charles de Noailles/ Marie-Laure de Noailles	male/ female	Comedy/ Drama	Q946849	tt0021577
Earth	Земля	1930	78	1930s	SUN	Oleksandr Dovzhenko/ Yuliya Solntseva	male/ female	Oleksandr Dovzhenko	male	Danylo Demutskyi	male			Drama	Q55188	tt0021571
The Public Enemy	The Public Enemy	1931	83	1930s	USA	William A. Wellman	male	Kubec Glasmon/ Harvey F. Thew	male/ male	Devereux Jennings	male	Darryl F. Zanuck	male	Crime/ Drama	Q1199902	tt0022286
Frankenstein	Frankenstein	1931	71	1930s	USA	James Whale	male	John L. Balderston/ Francis Edward Faragoh/ Robert Florey/ John Russell	male/ male/ male/ male	Arthur Edeson	male	Carl Laemmle Jr.	male	Drama/ Horror/ Sci-Fi	Q546829	tt0021884
M	M – eine Stadt sucht einen Mörder	1931	117	1930s	DEU	Fritz Lang	male	Fritz Lang/ Thea von Harbou/ Paul Falkenberg	male/ female/ male	Fritz Arno Wagner	male	Seymour Nebenzal	male	Crime/ Mystery/ Thriller	Q127021	tt0022100
Le Million	Le Million	1931	81	1930s	FRA	René Clair	male	René Clair	male	Georges Périnal	male	Frank Clifford	male	Musical/ Comedy	Q1214836	tt0022150
Tabu	Tabu	1931	81	1930s	USA	F. W. Murnau	male	Robert J. Flaherty/ Edgar G. Ulmer/ F. W. Murnau	male/ male/ male	Floyd Crosby	male	Robert J. Flaherty	male	Adventure/ Drama/ Romance	Q587579	tt0022458
Dracula	Dracula	1931	75	1930s	USA	Tod Browning/ Karl Freund	male/ male	Garrett Fort/ John L. Balderston/ Tod Browning	male/ male/ male	Karl Freund	male	Carl Laemmle Jr./ Tod Browning	male/ male	Drama/ Fantasy/ Horror	Q279378	tt0021814
Girls in Uniform	Mädchen in Uniform	1931	98	1930s	DEU	Leontine Sagan	female	Christa Winsloe/ F. D. Andam/ Colette	female/ male/ female	Reimar Kuntze/ Franz Weihmayr	male/ male	Carl Froelich	male	Drama/ Romance	Q161845	tt0022183
Tarzan the Ape Man	Tarzan the Ape Man	1932	99	1930s	USA	W. S. Van Dyke	male	Ivor Novello/ Cyril Hume	male/ male	Clyde De Vinna/ Harold Rosson	male/ male	Bernard H. Hyman/ Irving Thalberg	male/ male	Action/ Adventure/ Romance	Q262793	tt0023551
Trouble in Paradise	Trouble in Paradise	1932	83	1930s	USA	Ernst Lubitsch	male	Samson Raphaelson/ Grover Jones/ Ernst Lubitsch	male/ male/ male	Victor Milner	male	Samson Raphaelson/ Grover Jones	male/ male	Comedy/ Crime/ Romance	Q256416	tt0023622
I was Born, But...	Otona no miru ehon - Umarete wa mita keredo	1932	91	1930s	JPN	Yasujirō Ozu	male	Yasujirō Ozu	male	Hideo Shigehara	male			Comedy/ Drama	Q2461978	tt0023634
Vampyr	Vampyr – Der Traum des Allan Grey	1932	75	1930s	DEU/ FRA	Carl Theodor Dreyer	male	Carl Theodor Dreyer	male	Rudolph Maté	male	Nicolas de Gunzburg	male	Fantasy/ Horror	Q304923	tt0023649
The Blood of a Poet	Le Sang d'un poète	1932	55	1930s	FRA	Jean Cocteau	male	Jean Cocteau	male	Georges Périnal	male			Fantasy	Q3226891	tt0021331
She Done Him Wrong	She Done Him Wrong	1933	68	1930s	USA	Lowell Sherman	male	John Bright/ Mae West	male/ female	Charles Lang	male	William LeBaron	male	Comedy/ Drama/ History	Q62163	tt0024548
King Kong	King Kong	1933	100	1930s	USA	Merian C. Cooper/ Ernest B. Schoedsack	male/ male	James Ashmore Creelman/ Ruth Rose/ Edgar Wallace	male/ female/ male	Vernon L. Walker	male	David O. Selznick/ Merian C. Cooper/ Ernest B. Schoedsack	male/ male/ male	Adventure/ Horror/ Sci-Fi	Q309048	tt0024216
Duck Soup	Duck Soup	1933	68	1930s	USA	Leo McCarey	male	Harry Ruby/ Bert Kalmar	male/ male	Henry Sharp	male	Herman J. Mankiewicz	male	Comedy/ Musical	Q1125566	tt0023969
Queen Christina	Queen Christina	1933	97	1930s	USA	Rouben Mamoulian	male	Ben Hecht/ Salka Viertel/ S. N. Behrman	male/ female/ male	William H. Daniels	male	Walter Wanger	male	Biography/ Drama/ Romance	Q1634665	tt0024481
Land Without Bread	Terre sans pain	1933	30	1930s	ESP/ FRA	Luis Buñuel	male	Luis Buñuel/ Pierre Unik/ Ramón Acín	male/ male/ male	Eli Lotar	male	Luis Buñuel/ Ramón Acín	male/ male	Documentary	Q2606896	tt0023037
Zero for Conduct	Zéro de conduite	1933	44	1930s	FRA	Jean Vigo	male	Jean Vigo	male	Boris Kaufman	male			Comedy/ Drama	Q613216	tt0024803
The Testament of Dr. Mabuse	Das Testament des Dr. Mabuse	1933	115	1930s	DEU	Fritz Lang	male	Thea von Harbou/ Fritz Lang	female/ male	Fritz Arno Wagner/ Károly Vass	male/ male	Fritz Lang/ Seymour Nebenzal	male/ male	Crime/ Mystery/ Thriller	Q701551	tt0023563
42nd Street	42nd Street	1933	89	1930s	USA	Lloyd Bacon	male	Rian James/ James Seymour	male/ male	Sol Polito	male	Darryl F. Zanuck	male	Comedy/ Drama/ Musical	Q44662	tt0024034
Ecstasy	Extase	1933	95	1930s	AUT/ CSK	Gustav Machatý	male	Gustav Machatý/ Vítězslav Nezval/ František Horký	male/ male/ male	Hans Androschin/ Jan Stallich	male/ male			Drama/ Romance	Q369346	tt0022867
It Happened One Night	It Happened One Night	1934	105	1930s	USA	Frank Capra	male	Robert Riskin	male	Joseph Walker	male	Frank Capra/ Harry Cohn	male/ male	Comedy/ Romance	Q208632	tt0025316
L'Atalante	L'Atalante	1934	89	1930s	FRA	Jean Vigo	male	Jean Vigo	male	Boris Kaufman	male			Comedy/ Drama/ Romance	Q780016	tt0024844
The Seahorse	L'Hippocampe	1935	13	1930s	FRA	Jean Painlevé	male	Jean Painlevé	male					Documentary	Q72522881	tt0129994
The Goddess	Shénnǚ	1934	85	1930s	CHN	Wu Yonggang	male	Wu Yonggang	male					Drama	Q2057159	tt0195256
39 Steps	The 39 Steps	1935	86	1930s	GBR	Alfred Hitchcock	male	Charles Bennett/ Alma Reville/ John Hay Beith/ John Buchan	male/ female/ male/ male	Bernard Knowles	male	Michael Balcon	male	Crime/ Mystery/ Thriller	Q501105	tt0026029
Triumph of the Will	Triumph des Willens	1935	114	1930s	DEU	Leni Riefenstahl	female	Leni Riefenstahl/ Walter Ruttmann	female/ male	Franz Weihmayr/ Sepp Allgeier/ Karl Attenberger/ Werner Bohne/ Walter Frentz/ Hans Karl Gottschalk/ Franz Koch/ Paul Karl Lieberenz/ Walter Riml/ Károly Vass	male/ male/ male/ male/ male/ male/ male/ male/ male/ male	Leni Riefenstahl	female	Documentary/ History	Q156497	tt0025913
Top Hat	Top Hat	1935	101	1930s	USA	Mark Sandrich	male	Allan Scott/ Dwight Taylor	male/ male	David Abel	male	Pandro S. Berman	male	Comedy/ Musical/ Romance	Q1139031	tt0027125
Yiddle With His Fiddle	Yidl Mitn Fidl	1936	92	1930s	POL/ USA	Jan Nowina-Przybylski	male	Jan Nowina-Przybylski	male	Jakob Jonilowicz/ Seweryn Steinwurzel	male/ male	Joseph Green	male	Comedy/ Musical/ Romance	Q570320	tt0027231
Night Mail	Night Mail	1936	24	1930s	GBR	Harry Watt/ Basil Wright	male/ male	Basil Wright/ John Grierson/ Harry Watt	male/ male/ male	Jonah Jones	male			Documentary	Q943563	tt0028030
Modern Times	Modern Times	1936	99	1930s	USA	Charlie Chaplin	male	Charlie Chaplin	male	Roland Totheroh/ Ira H. Morgan	male/ male	Charlie Chaplin	male	Comedy/ Drama/ Romance	Q45602	tt0027977
Fury	Fury	1936	89	1930s	USA	Fritz Lang/ Lesley Selander	male/ male	Fritz Lang	male	Joseph Ruttenberg	male	Joseph L. Mankiewicz	male	Crime/ Drama/ Film-Noir	Q884223	tt0027652
La Grande Illusion	La Grande Illusion	1937	124	1930s	FRA	Jean Renoir	male	Jean Renoir/ Charles Spaak	male/ male	Christian Matras	male	Albert Pinkovitch/ Frank Rollmer	male/ male	Drama/ War	Q470336	tt0028950
Rose Hobart	Rose Hobart	1936	19	1930s	USA	Joseph Cornell	male							Short	Q2563239	tt0138758
Weddad	Weddad	1936	130	1930s	EGY	Fritz Kramp	male	Ahmed Badrakhan	male					Drama/ Musical/ Romance	Q3567032	tt0237908
Stella Dallas	Stella Dallas	1937	106	1930s	USA	King Vidor	male	Victor Heerman/ Sarah Y. Mason	male/ female	Rudolph Maté	male	Samuel Goldwyn	male	Drama/ Romance	Q1613737	tt0029608
Snow White and the Seven Dwarfs	Snow White and the Seven Dwarfs	1937	83	1930s	USA	David Hand/ William Cottrell/ Wilfred Jackson/ Larry Morey/ Percival C. Pearce/ Ben Sharpsteen	male/ male/ male/ male/ male/ male	Merrill De Maris/ Ted Sears/ Richard Creedon/ Otto Englander/ Dick Rickard/ Dorothy Ann Blank/ Webb Smith/ Earl Hurd	male/ male/ male/ male/ male/ female/ male/ male			Walt Disney	male	Animation/ Adventure/ Family	Q134430	tt0029583
Olympia	Olympia	1938	226	1930s	DEU	Leni Riefenstahl	female	Leni Riefenstahl	female	Paul Holzki/ Wilfried Basse/ Hans Ertl/ Walter Frentz/ Hans Karl Gottschalk/ Richard Groschopp/ Willy Hameister/ Walter Hege/ Albert Höcht/ Carl Junghans/ Sepp Ketterer/ Gustav Lantschner/ Otto Lantschner/ Kurt Neubert/ Erich Nitzschmann/ Albert Oskar Schattmann/ Ernst Sorge/ Károly Vass/ Willy Zielke/ Andor von Barsy/ Heinz von Jaworsky/ Hugo von Kaweczynski/ Alexander von Lagorio	male/ male/ male/ male/ male/ male/ male/ male/ male/ male/ male/ male/ male/ male/ male/ male/ male/ male/ male/ male/ male/ male/ male	Leni Riefenstahl	female	Documentary/ Sport	Q158069	
Bringing Up Baby	Bringing Up Baby	1938	102	1930s	USA	Howard Hawks	male	Dudley Nichols/ Hagar Wilde	male/ female	Russell Metty	male	Howard Hawks/ Cliff Reid	male/ male	Comedy	Q179743	tt0029947
Gone with the Wind	Gone with the Wind	1939	238	1930s	USA	Victor Fleming/ George Cukor/ Sam Wood	male/ male/ male	Sidney Howard/ Ben Hecht/ Jo Swerling/ John Van Druten/ Margaret Mitchell	male/ male/ male/ male/ female	Ernest Haller/ Lee Garmes	male/ male	David O. Selznick	male	Drama/ History/ Romance	Q2875	tt0031381
Stagecoach	Stagecoach	1939	97	1930s	USA	John Ford	male	Dudley Nichols/ Ben Hecht/ Ernest Haycox	male/ male/ male	Bert Glennon	male	Walter Wanger	male	Adventure/ Drama/ Western	Q50714	tt0031971
Ninotchka	Ninotchka	1939	110	1930s	USA	Ernst Lubitsch	male	Billy Wilder/ Walter Reisch/ Charles Brackett/ Melchior Lengyel	male/ male/ male/ male	William H. Daniels	male	Ernst Lubitsch/ Sidney Franklin	male/ male	Comedy/ Romance	Q589894	tt0031725
Wizard of Oz	The Wizard of Oz	1939	98	1930s	USA	Victor Fleming/ George Cukor/ Mervyn LeRoy/ Norman Taurog/ King Vidor	male/ male/ male/ male/ male	Noel Langley/ Florence Ryerson/ Edgar Allan Woolf	male/ female/ male	Harold Rosson	male	Mervyn LeRoy	male	Adventure/ Family/ Fantasy	Q193695	tt0032138
The Rules of the Game	La Règle du jeu	1939	110	1930s	FRA	Jean Renoir	male	Jean Renoir/ Carl Koch	male/ male	Jean Bachelet	male	Claude Renoir	male	Comedy/ Drama	Q748599	tt0031885
The Story of the Last Chrysanthemum	Zangiku monogatari	1939	142	1930s	JPN	Kenji Mizoguchi	male	Shōfu Muramatsu/ Yoshikata Yoda	male/ male	Minoru Miki	male			Drama/ Romance	Q2339899	tt0032156
Rebecca	Rebecca	1940	126	1940s	USA	Alfred Hitchcock	male	Philip MacDonald/ Michael Hogan/ Robert E. Sherwood/ Joan Harrison/ Michael Hogan/ Daphne du Maurier	male/ male/ male/ female/ male/ female	George Barnes	male	David O. Selznick	male	Drama/ Film-Noir/ Mystery	Q204212	tt0032976
Citizen Kane	Citizen Kane	1941	119	1940s	USA	Orson Welles	male	Orson Welles/ Herman J. Mankiewicz/ John Houseman	male/ male/ male	Gregg Toland	male	Orson Welles/ George Schaefer	male/ male	Drama/ Mystery	Q24815	tt0033467
Dance, Girl, Dance	Dance, Girl, Dance	1940	90	1940s	USA	Dorothy Arzner	female	Frank Davis	male	Russell Metty	male	Erich Pommer	male	Comedy/ Drama/ Music	Q2132842	tt0032376
The Great Dictator	The Great Dictator	1940	125	1940s	USA	Charlie Chaplin	male	Charlie Chaplin	male	Roland Totheroh/ Karl Struss	male/ male	Charlie Chaplin	male	Comedy/ Drama/ War	Q109116	tt0032553
Tarantella	Tarantella	1941	4	1940s	USA	Mary Ellen Bute/ Norman McLaren/ Ted Nemeth	female/ male/ male			Ted Nemeth	male	Ted Nemeth	male	Animation	Q2319079	tt0033135
The Maltese Falcon	The Maltese Falcon	1941	101	1940s	USA	John Huston	male	John Huston/ Dashiell Hammett	male/ male	Arthur Edeson	male	Hal B. Wallis	male	Crime/ Film-Noir/ Mystery	Q221462	tt0033870
To Be or Not to Be	To Be or Not to Be	1942	93	1940s	USA	Ernst Lubitsch	male	Edwin Justus Mayer	male	Rudolph Maté	male	Ernst Lubitsch	male	Comedy/ Romance/ War	Q704972	tt0035446
Casablanca	Casablanca	1942	102	1940s	USA	Michael Curtiz	male	Julius J. Epstein/ Philip G. Epstein/ Howard Koch/ Casey Robinson/ Howard W. Koch	male/ male/ male/ male/ male	Arthur Edeson	male	Hal B. Wallis	male	Drama/ Romance/ War	Q132689	tt0034583
Meshes of the Afternoon	Meshes of the Afternoon	1943	14	1940s	USA	Maya Deren/ Alexandr Hackenschmied	female/ male	Maya Deren	female	Alexandr Hackenschmied	male	Maya Deren	female	Fantasy/ Mystery	Q1922418	tt0036154
María Candelaria	María Candelaria	1944	76	1940s	MEX	Emilio Fernández	male	Emilio Fernández	male	Gabriel Figueroa	male			Romance/ Drama	Q2578176	tt0037054
Meet Me in St. Louis	Meet Me in St. Louis	1944	113	1940s	USA	Vincente Minnelli	male	Irving Brecher/ Fred F. Finklehoffe/ Sally Benson	male/ male/ female	George J. Folsey	male	Arthur Freed	male	Comedy/ Drama/ Family	Q1066873	tt0037059
Laura	Laura	1944	88	1940s	USA	Otto Preminger	male	Jay Dratler/ Samuel Hoffenstein/ Ring Lardner/ Vera Caspary/ Elizabeth Reinhardt	male/ male/ male/ female/ female	Lucien Ballard/ Joseph LaShelle	male/ male	Otto Preminger	male	Drama/ Film-Noir/ Mystery	Q976149	tt0037008
Ivan the Terrible 	Ivan Grozniy	1945	96	1940s	SUN	Sergei Eisenstein	male	Sergei Eisenstein	male	Eduard Tisse/ Andrey Moskvin	male			Biography	Q20051329	tt0037824
Mildred Pierce	Mildred Pierce	1945	111	1940s	USA	Michael Curtiz	male	Ranald MacDougall/ James M. Cain/ William Faulkner/ Albert Maltz	male/ male/ male/ male	Ernest Haller	male	Jerry Wald	male	Crime/ Drama/ Film-Noir	Q979726	tt0037913
Children of Paradise	Les Enfants du paradis	1945	190	1940s	FRA	Marcel Carné	male	Jacques Prévert	male	Roger Hubert/ Marc Fossard	male/ male	Raymond Borderie	male	Drama/ Romance	Q865580	tt0037674
Roma, Open City	Roma città aperta	1945	100	1940s	ITA	Roberto Rossellini	male	Sergio Amidei/ Federico Fellini/ Celeste Negarville/ Roberto Rossellini	male/ male/ male/ male	Ubaldo Arata	male	Giuseppe Amato/ Rod E. Geiger/ Roberto Rossellini	male/ male/ male	Drama/ Thriller/ War	Q721146	tt0038890
A Study in Choreography for Camera	A Study in Choreography for Camera	1946	4	1940s	USA	Maya Deren	female							Short	Q27966908	tt0124148
Brief Encounter	Brief Encounter	1945	85	1940s	GBR	David Lean	male	David Lean/ Noël Coward/ Ronald Neame/ Anthony Havelock-Allan	male/ male/ male/ male	Robert Krasker	male	Noël Coward/ Ronald Neame/ Anthony Havelock-Allan	male/ male/ male	Drama/ Romance	Q814296	tt0037558
The Best Years of our Lives	The Best Years of Our Lives	1946	172	1940s	USA	William Wyler	male	MacKinlay Kantor/ Robert E. Sherwood	male/ male	Gregg Toland	male	Samuel Goldwyn	male	Drama/ Romance/ War	Q645094	tt0036868
Murderers Among Us	Die Mörder sind unter uns	1946	85	1940s	DEU	Wolfgang Staudte	male	Wolfgang Staudte	male	Friedl Behn-Grund/ Eugen Klagemann	male/ male			Drama/ Romance/ Thriller	Q694812	tt0038769
Fireworks	Fireworks	1947	20	1940s	USA	Kenneth Anger	male	Kenneth Anger	male					Drama/ Horror	Q670589	tt0039383
Blood of the Beasts	Le sang des bêtes	1949	22	1940s	FRA	Georges Franju	male	Georges Franju	male					Documentary	Q3226906	tt0041842
The Red Shoes	The Red Shoes	1948	133	1940s	GBR	Emeric Pressburger/ Michael Powell	male/ male	Emeric Pressburger/ Michael Powell	male/ male	Jack Cardiff	male	Emeric Pressburger/ Michael Powell	male/ male	Drama/ Music/ Romance	Q625780	tt0040725
Germany, Year Zero	Germania anno zero	1948	78	1940s	DEU/ FRA/ ITA	Roberto Rossellini	male	Roberto Rossellini/ Carlo Lizzani/ Sergio Amidei/ Max Colpet	male/ male/ male/ male	Robert Juillard	male	Roberto Rossellini	male	Drama/ War	Q540624	tt0039417
Bicycle Thieves	Ladri di biciclette	1948	90	1940s	ITA	Vittorio De Sica	male	Cesare Zavattini/ Vittorio De Sica/ Suso Cecchi d'Amico/ Oreste Biancoli/ Gerardo Guerrieri/ Gherardo Gherardi/ Adolfo Franci	male/ male/ female/ male/ male/ male/ male	Carlo Montuori	male	Ercole Graziadei	male	Drama	Q172837	tt0040522
La Negra Angustias	La Negra Angustias	1949	82	1940s	MEX	Matilde Landeta	female	Matilde Landeta/ Francisco Rojas González	female/ male					Drama/ War	Q97277759	tt0041686
Sunset Boulevard	Sunset Boulevard	1950	110	1950s	USA	Billy Wilder	male	Charles Brackett/ Billy Wilder/ D. M. Marshman, Jr.	male/ male/ male	John F. Seitz	male	Charles Brackett	male	Drama/ Film-Noir	Q193570	tt0043014
All About Eve	All About Eve	1950	138	1950s	USA	Joseph L. Mankiewicz	male	Joseph L. Mankiewicz/ Erich Kästner	male/ male	Milton Krasner	male	Darryl F. Zanuck	male	Drama	Q200299	tt0042192
Rashomon	Rashōmon	1950	88	1950s	JPN	Akira Kurosawa	male	Shinobu Hashimoto/ Akira Kurosawa/ Ryūnosuke Akutagawa	male/ male/ male	Kazuo Miyagawa	male			Crime/ Drama/ Mystery	Q135465	tt0042876
Orpheus	Orphée	1950	95	1950s	FRA	Jean Cocteau	male	Jean Cocteau	male	Nicolas Hayer	male	André Paulvé	male	Fantasy/ Drama/ Romance	Q2162087	tt0041719
Los Olvidados	Los Olvidados	1950	77	1950s	MEX	Luis Buñuel	male	Luis Buñuel/ Luis Alcoriza	male/ male	Gabriel Figueroa	male			Crime/ Drama	Q572522	tt0042804
A Song of Love	Un chant d'amour	1950	26	1950s	FRA	Jean Genet	male	Jean Genet	male	Jean Cocteau	male	Nikos Papatakis	male	Drama/ Fantasy	Q1304788	tt0043084
An American in Paris	An American in Paris	1951	108	1950s	USA	Vincente Minnelli	male	Alan Jay Lerner	male	Alfred Gilks/ John Alton	male/ male	Arthur Freed/ Roger Edens	male/ male	Drama/ Musical/ Romance	Q747570	tt0043278
Miracle in Milan	Miracolo a Milano	1951	100	1950s	ITA	Vittorio De Sica	male	Suso Cecchi d'Amico/ Mario Chiari/ Adolfo Franci/ Cesare Zavattini/ Vittorio De Sica	female/ male/ male/ male/ male	G.R. Aldo	male	Vittorio De Sica	male	Comedy/ Drama/ Fantasy	Q1170844	tt0043809
Baazi	Baazi	1951	143	1950s	IND	Guru Dutt	male	Guru Dutt/ Balraj Sahni	male/ male			Dev Anand	male	Crime/ Drama/ Musical	Q797523	tt0043307
The Thing from Another World	The Thing from Another World	1951	83	1950s	USA	Christian Nyby/ Howard Hawks	male/ male	Charles Lederer/ Ben Hecht/ John W. Campbell/ Howard Hawks	male/ male/ male/ male	Russell Harlan	male	Howard Hawks	male	Horror/ Sci-Fi	Q1138425	tt0044121
Singin' in the Rain	Singin' in the Rain	1952	103	1950s	USA	Gene Kelly/ Stanley Donen	male/ male	Betty Comden/ Adolph Green	female/ male	Harold Rosson	male	Arthur Freed	male	Comedy/ Musical/ Romance	Q309153	tt0045152
Toxi	Toxi	1952	89	1950s	DEU	Robert A. Stemmle	male	Peter Francke/ Robert A. Stemmle/ Marie Osten-Sacken	male/ male/ female	Igor Oberberg	male			Drama	Q1576626	tt0045250
Ugetsu	Ugetsu Monogatari	1953	96	1950s	JPN	Kenji Mizoguchi	male	Matsutarō Kawaguchi/ Yoshikata Yoda	male/ male	Kazuo Miyagawa	male	Masaichi Nagata	male	Drama/ Fantasy/ War	Q1076605	tt0046478
La strada	La strada	1954	104	1950s	ITA	Federico Fellini	male	Tullio Pinelli/ Ennio Flaiano/ Federico Fellini	male/ male/ male	Otello Martelli	male	Dino De Laurentiis/ Carlo Ponti	male/ male	Drama	Q18402	tt0047528
The Wages of Fear	Le Salaire de la peur	1953	148	1950s	FRA/ ITA	Henri-Georges Clouzot	male	Henri-Georges Clouzot/ Georges-Jean Arnaud	male/ male	Armand Henri Julien Thirard	male	Raymond Borderie/ Henri-Georges Clouzot	male/ male	Adventure/ Drama/ Thriller	Q465773	tt0046268
Journey to Italy	Viaggio in Italia	1954	81	1950s	FRA/ ITA	Roberto Rossellini	male	Roberto Rossellini/ Vitaliano Brancati/ Antonio Pietrangeli	male/ male/ male	Enzo Serafin	male	Roberto Rossellini/ Alfredo Guarini	male/ male	Drama/ Romance	Q385866	tt0046511
Tokyo Story	Tokyo Monogatari	1953	136	1950s	JPN	Yasujirō Ozu	male	Kōgo Noda/ Yasujirō Ozu	male/ male	Yūharu Atsuta	male	Takeshi Yamamoto	male	Drama	Q26060	tt0046438
A Star Is Born	A Star Is Born	1954	181	1950s	USA	George Cukor	male	Moss Hart/ Alan Campbell/ Robert Carson/ Dorothy Parker/ William A. Wellman	male/ male/ male/ female/ male	Sam Leavitt	male	Sidney Luft	male	Drama/ Musical/ Romance	Q1305622	tt0047522
The Big Heat	The Big Heat	1953	89	1950s	USA	Fritz Lang	male	Sydney Boehm/ William P. McGivern/ Fritz Lang	male/ male/ male	Charles Lang	male	Robert Arthur	male	Crime/ Film-Noir/ Thriller	Q1093085	tt0045555
Gilda	Gilda	1946	110	1940s	USA	Charles Vidor	male	Jo Eisinger/ Ben Hecht/ Virginia Van Upp/ Marion Parsonnet	male/ male/ female/ male	Rudolph Maté	male	Virginia Van Upp	female	Drama/ Film-Noir/ Romance	Q382307	tt0038559
Sansho the Bailiff	Sansho Dayu	1954	120	1950s	JPN	Kenji Mizoguchi	male	Yoshikata Yoda/ Mori Ōgai	male/ male	Kazuo Miyagawa	male	Masaichi Nagata	male	Drama	Q2633405	tt0047445
On the Waterfront	On the Waterfront	1954	108	1950s	USA	Elia Kazan	male	Budd Schulberg	male	Boris Kaufman	male	Sam Spiegel	male	Crime/ Drama/ Thriller	Q211372	tt0047296
Seven Samurai	Shichinin no Samurai	1954	207	1950s	JPN	Akira Kurosawa	male	Akira Kurosawa/ Shinobu Hashimoto/ Hideo Oguni	male/ male/ male	Asakazu Nakai	male	Sōjirō Motoki	male	Action/ Drama	Q189540	tt0047478
Les Maîtres fous	Les Maîtres fous	1955	36	1950s	FRA	Jean Rouch	male							Documentary/  Horror	Q3233797	tt0048363
Rebel Without a Cause	Rebel Without a Cause	1955	106	1950s	USA	Nicholas Ray	male	Stewart Stern/ Irving Shulman/ Nicholas Ray	male/ male/ male	Ernest Haller	male	David Weisbart	male	Drama	Q426346	tt0048545
Lola Montès	Lola Montès	1955	115	1950s	DEU/ FRA	Max Ophüls	male	Max Ophüls/ Jacques Natanson/ Franz Geiger	male/ male/ male	Christian Matras	male	Albert Caraco	male	Biography/ Drama/ Romance	Q667755	tt0048308
The Night of the Hunter	The Night of the Hunter	1955	89	1950s	USA	Charles Laughton	male	James Agee/ Davis Grubb/ Charles Laughton	male/ male/ male	Stanley Cortez	male	Paul Gregory	male	Crime/ Drama/ Film-Noir	Q1132629	tt0048424
The Mystery of Picasso	Le Mystère Picasso	1956	78	1950s	FRA	Henri-Georges Clouzot	male	Henri-Georges Clouzot/ Pablo Picasso	male/ male	Claude Renoir	male	Henri-Georges Clouzot	male	Documentary/ Biography/ History	Q2303888	tt0049531
Pather Patchali	Pather Patchali	1955	120	1950s	IND	Satyajit Ray	male	Satyajit Ray	male	Subrata Mitra	male	Satyajit Ray	male	Drama	Q622380	tt0048473
Devdas	Devdas	1955	159	1950s	IND	Bimal Roy	male	Sarat Chandra Chattopadhyay	male	Kamal Bose	male	Bimal Roy	male	Drama/ Musical/ Romance	Q771754	tt0047990
Written on the Wind	Written on the Wind	1956	99	1950s	USA	Douglas Sirk	male	Robert Wilder	male	Russell Metty	male	Albert Zugsmith	male	Drama	Q978520	tt0049966
The Searchers	The Searchers	1956	119	1950s	USA	John Ford	male	Frank S. Nugent	male	Winton Hoch	male	Merian C. Cooper/ Cornelius Vanderbilt Whitney	male/ male	Adventure/ Drama/ Western	Q276769	tt0049730
Night and Fog	Nuit et Brouillard	1955	32	1950s	FRA	Alain Resnais	male	Jean Cayrol	male	Ghislain Cloquet/ Sacha Vierny	male/ male	Anatole Dauman	male	Documentary/  History	Q706373	tt0048434
Early Spring	Soshun	1956	144	1950s	JPN	Yasujirō Ozu	male	Yasujirō Ozu/ Kōgo Noda	male/ male	Yūharu Atsuta	male			Drama	Q916870	tt0049784
Bob le flambeur	Bob le flambeur	1956	98	1950s	FRA/ ITA	Jean-Pierre Melville	male	Auguste Le Breton/ Jean-Pierre Melville	male/ male	Henri Decaë	male	Jean-Pierre Melville/ Serge Silberman	male/ male	Crime/ Drama/ Thriller	Q1257189	tt0047892
Mother India	maṭar iṇḍiyā	1957	172	1950s	IND	Mehboob Khan	male	S. Ali Raza	male	Faredoon Irani	male	Mehboob Khan	male	Action/ Comedy/ Drama	Q1411238	tt0050188
Wild Strawberries	Smultronstället	1957	92	1950s	SWE	Ingmar Bergman	male	Ingmar Bergman	male	Gunnar Fischer	male	Allan Ekelund	male	Drama/ Romance	Q239756	tt0050986
The Seventh Seal	Det sjunde inseglet	1957	96	1950s	SWE	Ingmar Bergman	male	Ingmar Bergman	male	Gunnar Fischer	male	Allan Ekelund	male	Drama/ Fantasy/ History	Q217189	tt0050976
Some Like It Hot	Some Like It Hot	1959	120	1950s	USA	Billy Wilder	male	I. A. L. Diamond/ Billy Wilder/ Robert Thoeren	male/ male/ male	Charles Lang	male	Billy Wilder	male	Comedy/ Music/ Romance	Q190086	tt0053291
Mon oncle	Mon oncle	1958	117	1950s	FRA/ ITA	Jacques Tati	male	Jacques Tati/ Jean L'Hôte	male/ male	Jean Bourgoin	male	Jacques Tati	male	Comedy	Q1346590	tt0050706
Touch of Evil	Touch of Evil	1958	93	1950s	USA	Orson Welles	male	Orson Welles/ Paul Monash/ Whit Masterson	male/ male	Russell Metty	male	Albert Zugsmith/ Rick Schmidlin	male/ male	Crime/ Drama/ Film-Noir	Q778161	tt0052311
The Music Room	Jalsaghar	1958	95	1950s	IND	Satyajit Ray	male	Satyajit Ray	male	Subrata Mitra	male	Satyajit Ray	male	Drama/ Music	Q640208	tt0051792
Elevator to the Gallows	Ascenseur pour l'échafaud	1958	88	1950s	FRA	Louis Malle	male	Roger Nimier/ Louis Malle	male/ male	Henri Decaë	male	Jean Thuillier	male	Crime/ Drama/ Thriller	Q950893	tt0051378
Vertigo	Vertigo	1958	128	1950s	USA	Alfred Hitchcock	male	Alec Coppel/ Samuel A. Taylor/ Maxwell Anderson/ Boileau-Narcejac/ Thomas Narcejac	male/ male/ male/ male	Robert Burks	male	Alfred Hitchcock	male	Mystery/ Romance/ Thriller	Q202548	tt0052357
Ashes and Diamonds	Popiół i diament	1958	97	1950s	POL	Andrzej Wajda	male	Jerzy Andrzejewski/ Andrzej Wajda	male/ male	Jerzy Wójcik	male	Roman Mann	male	Drama/ Romance/ War	Q722281	tt0052080
Cairo Station	Bab el Hadid	1958	77	1950s	EGY	Youssef Chahine	male	Abdel Hai Adib/ Mohamed Abu Youssef	male/ male					Crime/ Drama	Q765535	tt0051390
A Movie	A Movie	1958	12	1950s	USA	Bruce Conner	male							Short	Q2650998	tt0051952
Paper Flowers	Kaagaz Ke Phool	1959	153	1950s	IND	Guru Dutt	male	Abrar Alvi	male	V. K. Murthy	male	Guru Dutt	male	Romance	Q1719471	tt0052954
Imitation of Life	Imitation of Life	1959	124	1950s	USA	Douglas Sirk	male	Allan Scott/ Eleanore Griffin/ Fannie Hurst	male/ female/ female	Russell Metty	male	Ross Hunter	male	Drama	Q373774	tt0052918
Hiroshima mon amour	Hiroshima mon amour	1959	90	1950s	FRA/ JPN	Alain Resnais	male	Marguerite Duras	female	Sacha Vierny/ Michio Takahashi	male/ male	Anatole Dauman	male	Drama/ Romance	Q283036	tt0052893
Breathless	À bout de souffle	1960	87	1960s	FRA	Jean-Luc Godard	male	Jean-Luc Godard/ François Truffaut	male/ male	Raoul Coutard	male	Georges de Beauregard	male	Crime/ Drama	Q86427	tt0053472
The 400 Blows 	Les Quatre Cents Coups	1959	99	1950s	FRA	François Truffaut	male	François Truffaut/ Marcel Moussy	male/ male	Henri Decaë	male	François Truffaut	male	Crime/ Drama	Q162331	tt0053198
Pickpocket	Pickpocket	1959	75	1950s	FRA	Robert Bresson	male	Robert Bresson	male	Léonce-Henri Burel	male	Agnès Delahaie	female	Crime/ Drama	Q664726	tt0053168
The Flower Thief	The Flower Thief	1960	70	1960s	USA	Ron Rice	male	Ron Rice	male					Drama	Q7734535	tt0136201
Psycho	Psycho	1960	109	1960s	USA	Alfred Hitchcock	male	Joseph Stefano/ Robert Bloch	male/ male	John L. Russell	male	Alfred Hitchcock	male	Horror/ Mystery/ Thriller	Q163038	tt0054215
Peeping Tom	Peeping Tom	1960	101	1960s	GBR	Michael Powell	male	Leo Marks	male	Otto Heller	male	Michael Powell/ Nat Cohen	male/ male	Drama/ Horror/ Thriller	Q478395	tt0054167
La Dolce Vita	La Dolce Vita	1960	174	1960s	FRA/ ITA	Federico Fellini	male	Ennio Flaiano/ Tullio Pinelli/ Brunello Rondi/ Pier Paolo Pasolini/ Federico Fellini	male/ male/ male/ male/ male	Otello Martelli	male	Giuseppe Amato/ Angelo Rizzoli	male/ male	Comedy/ Drama	Q18407	tt0053779
The Emperor of the Mughals	Mughal-e-Azaam	1960	173	1960s	IND	K. Asif	male	K. Asif/ Kamal Amrohi/ Wajahat Mirza	male/ male/ male	R. D. Mathur	male	K. Asif	male	Drama/ Romance/ War	Q1367294	tt0054098
Chronicle of a Summer	Chronique d'un été	1961	90	1960s	FRA	Jean Rouch/ Edgar Morin	male/ male			Michel Brault/ Raoul Coutard	male/ male	Anatole Dauman	male	Documentary	Q2966752	tt0054745
Primary	Primary	1960	60	1960s	USA	Robert Drew	male	Robert Drew	male	Richard Leacock	male	Robert Drew	male	Documentary/ History/ News	Q2299721	tt0054205
L'Avventura	L'Avventura	1960	145	1960s	FRA/ ITA	Michelangelo Antonioni	male	Elio Bartolini/ Tonino Guerra/ Michelangelo Antonioni	male/ male/ male	Aldo Scavarda	male	Cino Del Duca	male	Drama/ Mystery/ Romance	Q514531	tt0053619
Rocco and his Brothers	Rocco e i suoi fratelli	1960	177	1960s	FRA/ ITA	Luchino Visconti	male	Luchino Visconti/ Suso Cecchi d'Amico/ Pasquale Festa Campanile/ Massimo Franciosa/ Enrico Medioli/ Vasco Pratolini	male/ female/ male/ male/ male/ male	Giuseppe Rotunno	male	Goffredo Lombardo	male	Crime/ Drama/ Sport	Q427186	tt0054248
Tire dié	Tire dié	1960	33	1960s	ARG	Fernando Birri	male	Fernando Birri/ Juan Carlos Cabello/ María Domínguez	male/ male/ female					Documentary	Q7809170	tt0054388
Arnulf Rainer	Arnulf Rainer	1960	7	1960s	AUT	Peter Kubelka	male							Short	Q21999896	tt0377390
Accattone	Accattone	1961	120	1960s	ITA	Pier Paolo Pasolini	male	Pier Paolo Pasolini/ Sergio Citti	male/ male	Tonino Delli Colli	male	Alfredo Bini/ Cino Del Duca	male/ male	Drama	Q338599	tt0054599
Last Year at Marienbad	L’Année dernière à Marienbad	1961	94	1960s	DEU/ FRA/ ITA	Alain Resnais	male	Alain Robbe-Grillet	male	Sacha Vierny	male	Robert Dorfmann	male	Drama/ Mystery	Q225355	tt0054632
La notte	La notte	1961	122	1960s	FRA/ ITA	Michelangelo Antonioni	male	Michelangelo Antonioni/ Ennio Flaiano/ Tonino Guerra	male/ male/ male	Gianni Di Venanzo	male			Drama	Q1215047	tt0054130
The Connection	The Connection	1961	110	1960s	USA	Shirley Clarke	female	Jack Gelber	male	Arthur J. Ornitz	male	Lewis M. Allen/ Shirley Clarke	male/ female	Drama	Q2993435	tt0054763
Knife in the Water 	Nóż w wodzie	1962	90	1960s	POL	Roman Polanski	male	Roman Polanski/ Jerzy Skolimowski	male/ male	Jerzy Lipman	male			Drama/ Thriller	Q663469	tt0056291
Lawrence of Arabia	Lawrence of Arabia	1962	216	1960s	GBR/ USA	David Lean	male	Robert Bolt/ Michael Wilson/ T. E. Lawrence	male/ male/ male	Freddie Young	male	Sam Spiegel	male	Adventure/ Biography/ Drama	Q228186	tt0056172
An Actor’s Revenge	Yukinojō Henge	1963	115	1960s	JPN	Kon Ichikawa	male	Teinosuke Kinugasa/ Natto Wada	male/ female			Masaichi Nagata	male	Drama	Q3005449	tt0057710
La Jetée	La Jetée	1962	28	1960s	FRA	Chris Marker	male	Chris Marker	male	Chris Marker	male	Anatole Dauman	male	Drama/ Romance	Q451434	tt0056119
Cléo de 5 à 7	Cléo de 5 à 7	1962	90	1960s	FRA/ ITA	Agnès Varda	female	Agnès Varda	female	Jean Rabier/ Alain Levent	male/ male	Georges de Beauregard	male	Comedy/ Drama/ Music	Q1199628	tt0055852
The Leopard	Il Gattopardo	1963	183	1960s	FRA/ ITA	Luchino Visconti	male	Suso Cecchi d'Amico/ Pasquale Festa Campanile/ Enrico Medioli/ Massimo Franciosa/ Luchino Visconti	female/ male/ male/ male/ male	Giuseppe Rotunno	male	Goffredo Lombardo	male	Drama/ History	Q596623	tt0057091
Scorpio Rising	Scorpio Rising	1963	28	1960s	USA	Kenneth Anger	male	Kenneth Anger/ Ernest D. Glucksman	male/ male					Music	Q647939	tt0058555
The Birds	The Birds	1963	115	1960s	USA	Alfred Hitchcock	male	Ed McBain/ Daphne du Maurier	male/ female	Robert Burks	male	Alfred Hitchcock	male	Drama/ Horror/ Mystery	Q110043	tt0056869
Contempt	Le Mépris	1963	102	1960s	FRA/ ITA	Jean-Luc Godard	male	Jean-Luc Godard	male	Raoul Coutard	male	Carlo Ponti/ Georges de Beauregard/ Joseph E. Levine	male/ male/ male	Drama/ Romance	Q598109	tt0057345
Barren Lives	Vidas Secas	1963	103	1960s	BRA	Nelson Pereira dos Santos	male	Nelson Pereira dos Santos/ Graciliano Ramos	male/ male	Luiz Carlos Barreto	male	Luiz Carlos Barreto	male	Drama	Q2192521	tt0057654
8½	8½	1963	138	1960s	FRA/ ITA	Federico Fellini	male	Ennio Flaiano/ Tullio Pinelli/ Brunello Rondi/ Federico Fellini	male/ male/ male/ male	Gianni Di Venanzo	male	Angelo Rizzoli	male	Drama	Q12018	tt0056801
Mothlight	Mothlight	1963	4	1960s	USA	Stan Brakhage	male							Short	Q3325160	tt0057324
Dog Star Man	Dog Star Man	1961	78	1960s	USA	Stan Brakhage	male	Stan Brakhage	male	Stan Brakhage	male	Stan Brakhage	male	Documentary/ Horror/ Mystery	Q4666933	tt5896468
Flaming Creatures	Flaming Creatures	1963	45	1960s	USA	Jack Smith	male	Jack Smith	male					Comedy/ Drama/ Horror	Q947538	tt0054880
Andrei Rublev	Andrey Rublyóv	1966	185	1960s	SUN	Andrei Tarkovsky	male	Andrei Tarkovsky/ Andrei Konchalovsky	male/ male	Vadim Yusov	male			Biography/ Drama/ History	Q503046	tt0060107
Gertrud	Gertrud	1965	119	1960s	DNK	Carl Theodor Dreyer	male	Carl Theodor Dreyer	male	Henning Bendtsen	male	Jørgen Nielsen	male	Drama/ Romance	Q1253821	tt0058138
Blow Job	Blow Job	1964	35	1960s	USA	Andy Warhol	male					Andy Warhol	male	Documentary	Q885485	tt0130515
The Umbrellas of Cherbourg	Les Parapluies de Cherbourg	1964	91	1960s	DEU/ FRA	Jacques Demy	male	Jacques Demy	male	Jean Rabier	male	Mag Bodard	female	Drama/ Musical/ Romance	Q163868	tt0058450
Dr. Strangelove	Dr. Strangelove or How I Learned to Stop Worrying and Love the Bomb	1964	93	1960s	GBR/ USA	Stanley Kubrick	male	Peter George/ Terry Southern/ Stanley Kubrick/ James B. Harris	male/ male/ male/ male	Gilbert Taylor	male	Stanley Kubrick	male	Comedy/ War	Q105702	tt0057012
Fuses	Fuses	1964	22	1960s	USA	Carolee Schneemann	female							Short		tt0141114
Yesterday Girl	Abschied von Gestern	1966	88	1960s	DEU	Alexander Kluge	male	Alexander Kluge	male	Thomas Mauch/ Edgar Reitz	male/ male			Drama	Q321957	tt0060063
Repulsion	Repulsion	1965	104	1960s	GBR	Roman Polanski	male	Roman Polanski/ Gérard Brach	male/ male	Gilbert Taylor	male	Gene Gutowski	male	Drama/ Horror/ Thriller	Q954816	tt0059646
Now	Now	1965	5	1960s	CUB	Santiago Alvarez	male							Documentary		tt0059520
Blowup	Blowup	1966	111	1960s	GBR/ ITA	Michelangelo Antonioni	male	Tonino Guerra/ Michelangelo Antonioni/ Edward Bond/ Julio Cortázar	male/ male/ male/ male	Carlo Di Palma	male	Carlo Ponti	male	Drama/ Mystery/ Thriller	Q658204	tt0060176
The Battle of Algiers	La Bataille d'alger	1966	117	1960s	DZA/ ITA	Gillo Pontecorvo	male	Gillo Pontecorvo/ Saadi Yacef/ Franco Solinas	male/ male/ male	Marcello Gatti	male	Antonio Musu	male	Drama/ War	Q784812	tt0058946
Come Drink with Me	Dàzuì Xiá	1966	91	1960s	HKG	King Hu	male	King Hu	male			Run Run Shaw	male	Action/ Crime	Q1170354	tt0059079
Teesri Kasam	Teesri Kasam	1966	159	1960s	IND	Basu Bhattacharya	male	Nabendu Ghosh	male	Subrata Mitra	male	Shailendra	male	Comedy/ Drama/ Romance	Q1552909	tt0061072
Persona	Persona	1966	84	1960s	SWE	Ingmar Bergman	male	Ingmar Bergman	male	Sven Nykvist	male	Ingmar Bergman	male	Drama/ Thriller	Q695255	tt0060827
Chelsea Girls	Chelsea Girls	1966	195	1960s	USA	Paul Morrissey/ Andy Warhol	male/ male	Ronald Tavel	male	Andy Warhol	male	Andy Warhol	male	Drama	Q1973928	tt0061465
Au Hasard Balthazar	Au Hasard Balthazar	1966	95	1960s	FRA/ SWE	Robert Bresson	male	Robert Bresson	male	Ghislain Cloquet	male	Mag Bodard	female	Drama	Q228937	tt0060138
Daisies	Sedmikrásky	1966	74	1960s	CSK	Věra Chytilová	female	Pavel Juráček/ Ester Krumbachová/ Věra Chytilová	male/ female/ female	Jaroslav Kučera	male	Ladislav Fikar	male	Comedy	Q910705	tt0060959
Hold Me While I'm Naked	Hold Me While I'm Naked	1966	17	1960s	USA	George Kuchar	male	George Kuchar	male					Comedy/ Drama	Q20001594	tt0060511
Our Trip to Africa	Unsere Afrikareise	1966	13	1960s	AUT	Peter Kubelka	male							Short	Q64768564	tt0376293
Playtime	Playtime	1967	126	1960s	FRA/ ITA	Jacques Tati	male	Jacques Tati/ Art Buchwald	male/ male	Jean Badal/ Andréas Winding	male/ male			Comedy	Q1454574	tt0062136
Entranced Earth	Terra em Transe	1967	111	1960s	BRA	Glauber Rocha	male	Glauber Rocha	male	Luiz Carlos Barreto	male	Glauber Rocha	male	Drama	Q1848967	tt0062352
Bonnie and Clyde	Bonnie and Clyde	1967	107	1960s	USA	Arthur Penn	male	Robert Benton/ Robert Towne/ David Newman/ David Newman	male/ male/ male/ male	Burnett Guffey	male	Warren Beatty	male	Action/ Biography/ Crime	Q181776	tt0061418
The Graduate	The Graduate	1967	102	1960s	USA	Mike Nichols	male	Calder Willingham/ Buck Henry/ Charles Webb	male/ male/ male	Robert L. Surtees	male	Lawrence Turman/ Joseph E. Levine	male/ male	Comedy/ Drama/ Romance	Q217627	tt0061722
Wavelength	Wavelength	1967	44	1960s	CAN	Michael Snow	male	Michael Snow	male	Michael Snow	male			Drama	Q2423867	tt0127354
15 / 67: TV	15 / 67: TV	1967	4	1960s	AUT	Kurt Kren	male							Short		tt0157256
The Chronicle of Anna Magdalena Bach	Chronik der Anna Magdalena Bach	1968	94	1960s	DEU/ ITA	Jean-Marie Straub/ Danièle Huillet	male/ female	Jean-Marie Straub/ Danièle Huillet	male/ female			Gian Vittorio Baldi/ Franz Seitz Jr./ Jean-Marie Straub/ Danièle Huillet	male/ male/ male/ female	Biography/ Drama/ History	Q1114312	tt0062804
If…	If....	1968	111	1960s	GBR	Lindsay Anderson	male	David Sherwin	male	Miroslav Ondříček	male	Michael Medwin	male	Crime/ Drama	Q1346745	tt0063850
Night of the Living Dead	Night of the Living Dead	1968	96	1960s	USA	George A. Romero	male	John A. Russo/ George A. Romero	male/ male	George A. Romero	male	Karl Hardman/ Russell Streiner	male/ male	Horror/ Thriller	Q623051	tt0063350
Rohfilm	Rohfilm	1968	20	1960s	DEU	Birgit Hein/ Wilhelm Hein	female/ male							Short	Q47317455	tt2575420
Lucía	Lucía	1968	160	1960s	CUB	Humberto Solás	male	Julio García Espinosa/ Humberto Solás	male/ male	Jorge Herrero	male			Drama	Q4269760	tt0064609
Memories of Underdevelopment	Memorias del subdesarrollo	1968	97	1960s	CUB	Tomás Gutiérrez Alea	male	Tomás Gutiérrez Alea/ Edmundo Desnoes	male/ male					Drama	Q2645467	tt0063291
Teorema	Teorema	1968	98	1960s	ITA	Pier Paolo Pasolini	male	Pier Paolo Pasolini	male	Giuseppe Ruzzolini	male	Donato Leoni	male	Drama/ Mystery	Q914157	tt0063678
The Color of Pomegranates	Nřan guynə	1968	79	1960s	SUN	Sergei Parajanov	male	Sergei Parajanov	male	Suren Shakhbazyan	male			Biography/ Drama/ History	Q2235380	tt0063555
Deux Fois	Deux Fois	1968	115	1960s	FRA	Jackie Raynal	female			André Weinfeld	male			Drama	Q5266371	tt0294525
Three Sad Tigers	Tres tristes tigres	1968	100	1960s	CHL	Raúl Ruiz	male	Raúl Ruiz	male					Drama	Q5262922	tt0063718
The Girls	Flickorna	1968	100	1960s	SWE	Mai Zetterling	female	David Hughes/ Mai Zetterling	male/ female	Rune Ericson	male	Göran Lindgren	male	Comedy/ Drama	Q1142923	tt0062981
The Cat Has Nine Lives	Neun Leben hat die Katze	1968	91	1960s	DEU	Ula Stöckl	female	Ula Stöckl	female	Dietrich Lohmann/ Thomas Mauch	male/ male			Drama	Q19571197	tt0130141
Death by Hanging	Koshikei	1968	117	1960s	JPN	Nagisa Ōshima	male	Nagisa Ōshima	male			Nagisa Ōshima	male	Comedy/ Crime/ Drama	Q926134	tt0063198
2001: A Space Odissey	2001: A Space Odyssey	1968	143	1960s	GBR/ USA	Stanley Kubrick	male	Arthur C. Clarke/ Stanley Kubrick	male/ male	Geoffrey Unsworth	male	Stanley Kubrick	male	Adventure/ Sci-Fi	Q103474	tt0062622
The Sorrow and the Pity	Le Chagrin et la Pitié	1969	251	1960s	DEU/ FRA	Marcel Ophuls	male	Marcel Ophuls/ André Harris	male/ male			Charles-Henri Favrod	male	Documentary/ History/ War	Q638892	tt0066904
Kes	Kes	1969	106	1960s	GBR	Ken Loach	male	Barry Hines/ Ken Loach/ Tony Garnett	male/ male/ male	Chris Menges	male	Tony Garnett	male	Drama/ Family	Q1500326	tt0064541
Katzelmacher	Katzelmacher	1969	88	1960s	DEU	Rainer Werner Fassbinder	male	Rainer Werner Fassbinder	male	Dietrich Lohmann	male	Rainer Werner Fassbinder	male	Drama	Q567519	tt0064536
Salesman	Salesman	1969	91	1960s	USA	Albert Maysles/ David Maysles	male/ male							Documentary/ Drama	Q2586674	tt0064921
Eika Katappa	Eika Katappa	1969	144	1960s	DEU	Werner Schroeter	male	Werner Schroeter	male					Comedy/ Drama	Q3049378	tt0064280
Tom, Tom, the Piper's Son	Tom, Tom, the Piper's Son	1969	115	1960s	USA	Ken Jacobs	male							Comedy	Q4445366	tt0378889
My Night at Maud's	Ma nuit chez Maud	1969	110	1960s	FRA	Éric Rohmer	male	Éric Rohmer	male	Néstor Almendros	male	Barbet Schroeder/ Pierre Cottrell	male/ male	Comedy/ Drama/ Romance	Q542527	tt0064612
The Wild Bunch	The Wild Bunch	1969	145	1960s	USA	Sam Peckinpah	male	Sam Peckinpah/ Walon Green	male/ male	Lucien Ballard	male	Phil Feldman	male	Action/ Adventure/ Western	Q994481	tt0065214
Reason Over Passion	La Raison Avant La Passion	1969	80	1960s	CAN	Joyce Wieland	female	Joyce Wieland/ Pierre Trudeau	female/ male							tt0129333
Blood of the Condor	Yawar Mallku	1969	70	1960s	BOL	Jorge Sanjinés	male	Jorge Sanjinés/ Óscar Soria	male/ male	Antonio Eguino Arteaga	male			Crime/ Drama	Q4927841	tt0065228
Early Works	Rani Radovi	1969	87	1960s	YUG	Želimir Žilnik	male	Želimir Žilnik	male					Comedy/ Drama	Q2026238	tt0064874
The Conformist	Il conformista	1970	111	1970s	DEU/ FRA/ ITA	Bernardo Bertolucci	male	Bernardo Bertolucci	male	Vittorio Storaro	male	Giovanni Bertolucci	male	Drama	Q1198812	tt0065571
The Hour of the Furnaces	La Hora de los Hornos	1968	264	1960s	ARG	Octavio Getino/ Fernando Solanas	male/ male	Octavio Getino/ Fernando E. Solanas	male/ male	Juan Carlos Desanzo	male			Documentary/ History/ War	Q3950846	tt0063084
Five Easy Pieces	Five Easy Pieces	1970	96	1970s	USA	Bob Rafelson	male	Carole Eastman/ Bob Rafelson	female/ male	László Kovács	male	Bob Rafelson	male	Drama	Q1116991	tt0065724
Zorns Lemma	Zorns Lemma	1970	60	1970s	USA	Hollis Frampton	male							Documentary	Q8074498	tt0131149
It Is Not the Homosexual Who Is Perverse, But the Society in Which He Lives	Nicht der Homosexuelle ist pervers, sondern die Situation, in der er lebt	1970	67	1970s	DEU	Rosa von Praunheim	male	Rosa von Praunheim/ Martin Dannecker	male/ male	Robert van Ackeren	male	Werner Kließ	male	Documentary/ Drama	Q457675	tt0066136
W.R.: Mysteries of the Organism	W.R. Misterije Organizma	1971	84	1970s	DEU	Dušan Makavejev	male	Dušan Makavejev	male			Dušan Makavejev	male	Comedy/ Drama/ Fantasy	Q2587098	tt0067958
Dirty Harry	Dirty Harry	1971	102	1970s	USA	Don Siegel	male	Harry Julian Fink/ Dean Riesner/ John Milius/ Terrence Malick/ R.M. Fink	male/ male/ male/ male/ female	Bruce Surtees	male	Don Siegel/ Robert Daley	male/ male	Action/ Crime/ Thriller	Q110206	tt0066999
Wanda	Wanda	1971	102	1970s	USA	Barbara Loden	female	Barbara Loden	female					Crime/ Drama	Q381528	tt0067961
The Godfather	The Godfather	1972	175	1970s	ITA/ USA 	Francis Ford Coppola	male	Mario Puzo/ Francis Ford Coppola	male/ male	Gordon Willis	male	Albert S. Ruddy	male	Crime/ Drama	Q47703	tt0068646
Nathalie Granger	Nathalie Granger	1972	83	1970s	FRA	Marguerite Duras	female	Marguerite Duras	female	Ghislain Cloquet	male	Jean-Michel Carré/ Luc Moullet	male/ male	Drama	Q478423	tt0068991
Pakeezah	Pakeezah	1972	146	1970s	IND	Kamal Amrohi	male	Kamal Amrohi	male	Josef Wirsching/ R. D. Mathur	male/ male	Kamal Amrohi	male	Musical/ Romance/ Drama	Q851395	tt0067546
The Discreet Charm of the Bourgeoisie	Le Charme discret de la bourgeoisie	1972	96	1970s	ESP/ FRA/ ITA	Luis Buñuel	male	Luis Buñuel/ Jean-Claude Carrière	male/ male	Edmond Richard	male	Serge Silberman	male	Comedy	Q308920	tt0068361
Cabaret	Cabaret	1972	124	1970s	USA	Bob Fosse	male	Jay Presson Allen/ John Van Druten	female/ male	Geoffrey Unsworth	male	Cy Feuer	male	Drama/ Music/ Musical	Q918363	tt0068327
Aguirre, the Wrath of God	Aguirre, der Zorn Gnepes	1972	91	1970s	DEU/ MEX	Werner Herzog	male	Werner Herzog	male	Thomas Mauch	male	Werner Herzog	male	Action/ Adventure/ Biography	Q325662	tt0068182
Fist of Fury	Jing wu me	1972	115	1970s	HKG	Lo Wei	male	Lo Wei/ Bruce Lee	male/ male			Raymond Chow	male	Action/ Drama/ Romance	Q253565	tt0068767
The Legend of Paul and Paula	Die Legende von Paul und Paula	1973	105	1970s	DDR	Heiner Carow	male	Heiner Carow/ Ulrich Plenzdorf	male/ male	Jürgen Brauer	male	Erich Albrecht	male	Drama/ Romance	Q457003	tt0070299
Day for Night 	La Nuit américaine	1973	115	1970s	FRA/ ITA	François Truffaut	male	François Truffaut/ Suzanne Schiffman/ Jean-Louis Richard	male/ female/ male	Pierre-William Glenn	male	Marcel Berbert/ François Truffaut	male/ male	Comedy/ Drama/ Romance	Q909816	tt0070460
The Conversation	The Conversation	1974	109	1970s	USA	Francis Ford Coppola	male	Francis Ford Coppola	male	Bill Butler/ Haskell Wexler	male/ male	Francis Ford Coppola	male	Drama/ Mystery/ Thriller	Q1009788	tt0071360
The Godfather Part II	The Godfather Part II	1974	202	1970s	USA	Francis Ford Coppola	male	Mario Puzo/ Francis Ford Coppola	male/ male	Gordon Willis	male	Francis Ford Coppola/ Fred Roos	male/ male	Crime/ Drama	Q184768	tt0071562
Ali: Fear Eats the Soul	Angst essen Seele auf	1974	93	1970s	DEU	Rainer Werner Fassbinder	male	Rainer Werner Fassbinder	male	Jürgen Jürges	male	Rainer Werner Fassbinder	male	Drama/ Romance	Q543810	tt0071141
Celine and Julie Go Boating	Céline et Julie vont en bateau	1974	193	1970s	FRA	Jacques Rivette	male	Jacques Rivette/ Eduardo de Gregorio/ Juliet Berto/ Bulle Ogier/ Marie-France Pisier	male/ male/ female/ female/ female	Jacques Renard	male	Barbet Schroeder	male	Comedy/ Drama/ Fantasy	Q734672	tt0071381
Chinatown	Chinatown	1974	131	1970s	USA	Roman Polanski	male	Robert Towne/ Roman Polanski	male/ male	John A. Alonzo	male	Robert Evans	male	Drama/ Mystery/ Thriller	Q644987	tt0071315
Hearts and Minds		1974	112	1970s	USA	Peter Davis	male			Richard Pearce	male	Bert Schneider	male	Documentary/ History/ War	Q3280602	tt0071604
A Woman Under the Influence	A Woman Under the Influence	1974	155	1970s	USA	John Cassavetes	male	John Cassavetes	male	Al Ruban	male	Sam Shaw	male	Drama/ Romance	Q1306380	tt0072417
Der Nachtportier	The Night Porter	1974	118	1970s	ITA	Liliana Cavani	female	Liliana Cavani/ Italo Moscati	female/ male	Alfio Contini	male			Drama	Q312565	tt0071910
Film About a Woman Who...		1974	90	1970s	USA	Yvonne Rainer	female	Yvonne Rainer	female					Drama	Q105491643	tt0071497
Primate		1974	105	1970s	USA	Frederick Wiseman	male	Frederick Wiseman	male					Documentary	Q3403168	tt0072032
Jaws	Jaws	1975	124	1970s	USA	Steven Spielberg	male	Peter Benchley/ Carl Gottlieb	male/ male	Bill Butler	male	Richard D. Zanuck/ David Brown	male/ male	Adventure/ Thriller	Q189505	tt0073195
"One Flew Over the Cuckoo's Nest
"	One Flew Over the Cuckoo's Nest	1975	133	1970s	USA	Miloš Forman	male	Bo Goldman/ Lawrence Hauben	male/ male	Haskell Wexler	male	Saul Zaentz/ Michael Douglas	male/ male	Drama	Q171669	tt0073486
India Song		1975	120	1970s	FRA	Marguerite Duras	female	Marguerite Duras	female	Bruno Nuytten	male			Drama/ Fantasy/ Romance	Q3007766	tt0073166
Jeanne Dielman, 23 quai du Commerce, 1080 Bruxelles 	Jeanne Dielman, 23 quai du Commerce, 1080 Bruxelles 	1975	201	1970s	BEL/ FRA	Chantal Akerman	female	Chantal Akerman	female	Babette Mangolte	female			Drama	Q1686012	tt0073198
Taxi Driver	Taxi Driver	1976	114	1970s	USA	Martin Scorsese	male	Paul Schrader	male	Michael Chapman	male	Julia Phillips/ Michael Phillips	female/ male	Crime/ Drama	Q47221	tt0075314
Raise Ravens 	Cría cuervos	1976	112	1970s	ESP	Carlos Saura	male	Carlos Saura	male	Teodoro Escamilla	male	Elías Querejeta	male	Drama	Q150881	tt0074360
Sholay	Sholay	1975	204	1970s	IND	Ramesh Sippy	male	Salim-Javed	male	Dwarka Divecha	male	G. P. Sippy	male	Action/ Adventure/ Comedy	Q949228	tt0073707
The Travelling Players 	O Thiassos	1975	230	1970s	GRC	Thodoros Angelopoulos	male	Thodoros Angelopoulos/ Petros Markaris	male/ male	Giorgos Arvanitis	male			Drama/ History/ Music	Q2162663	tt0073800
Lost, Lost, Lost		1975	178	1970s	USA	Jonas Mekas	male							Documentary		tt0209110
Seven Beauties	Pasqualino Settebellezze	1975	115	1970s	ITA	Lina Wertmüller	female	Lina Wertmüller	female	Tonino Delli Colli	male	Lina Wertmüller	female	Comedy/ Drama/ War	Q1634805	tt0075040
All the President’s Men	"All the President’s Men
"	1976	138	1970s	USA	Alan J. Pakula	male	William Goldman	male	Gordon Willis	male	Walter Coblenz	male	Drama/ History/ Thriller	Q466781	tt0074119
In the Realm of the Senses	Ai no korīda	1976	105	1970s	FRA/ JPN	Nagisa Ōshima	male	Nagisa Ōshima	male			Anatole Dauman	male	Drama/ Romance	Q510181	tt0074102
Jonah Who Will Be 25 in the Year 2000	Jonas qui aura 25 ans en l'an 2000	1976	110	1970s	CHE/ FRA	Alain Tanner	male	John Berger	male	Renato Berta	male			Drama	Q670633	tt0074718
Nashville	Nashville	1975	159	1970s	USA	Robert Altman	male	Joan Tewkesbury	female	Paul Lohmann	male	Robert Altman	male	Comedy/ Drama/ Music	Q1424258	tt0073440
Invisible Adversaries	Unsichtbare Gegner	1978	109	1970s	AUT	Valie Export	female	Valie Export	female			Valie Export	female	Drama	Q3414263	tt0076204
Kings of the Road 	Im Lauf der Zeit	1976	168	1970s	DEU	Wim Wenders	male	Wim Wenders	male	Robby Müller	male	Wim Wenders	male	Drama	Q706444	tt0073152
Killer of Sheep	Killer of Sheep	1977	83	1970s	USA	Charles Burnett	male	Charles Burnett	male	Charles Burnett	male	Charles Burnett	male	Drama	Q1752684	tt0076263
Man of Marble 	Człowiek z marmuru	1977	157	1970s	POL	Andrzej Wajda	male	Aleksander Ścibor-Rylski	male	Edward Kłosiński	male			Drama	Q1195506	tt0075902
Saturday Night Fever	Saturday Night Fever	1977	118	1970s	USA	John Badham	male	Norman Wexler/ Nik Cohn	male/ male	Ralf D. Bode	male	Robert Stigwood	male	Drama/ Music	Q47654	tt0076666
Annie Hall	Annie Hall	1977	93	1970s	USA	Woody Allen	male	Woody Allen/ Marshall Brickman	male/ male	Gordon Willis	male	Charles H. Joffe/ Jack Rollins	male/ male	Comedy/ Romance	Q233464	tt0075686
Ceddo		1977	120	1970s	FRA	Ousmane Sembène	male	Ousmane Sembène	male					Drama	Q5057031	tt0077309
Perfumed Nightmare		1977	93	1970s	PHL	Kidlat Tahimik	male	Kidlat Tahimik	male					Comedy/ Drama	Q25106516	tt0076341
Colloque de chiens	Colloque de chiens	1977	22	1970s	FRA	Raúl Ruiz	male	Nicole Muchnik/ Raúl Ruiz	female/ male					Short	Q2983534	tt0075863
Star Wars	Star Wars	1977	121	1970s	USA	George Lucas	male	George Lucas	male	Gilbert Taylor	male	Gary Kurtz/ Rick McCallum/ George Lucas	male/ male/ male	Action/ Adventure/ Fantasy	Q17738	tt0076759
Riddles of the Sphinx	Riddles of the Sphinx	1977	92	1970s	GBR	Laura Mulvey/ Peter Wollen	female/ male	Laura Mulvey/ Peter Wollen	female/ male					Drama	Q17426184	tt0076625
Madame X. Eine Absolute Herrscherin		1978	147	1970s	DEU	Ulrike Ottinger	female	Ulrike Ottinger	female					Fantasy	Q106717082	tt0076349
The Marriage of Maria Braun	Die Ehe der Maria Braun	1979	115	1970s	DEU	Rainer Werner Fassbinder	male	Rainer Werner Fassbinder/ Kurt Raab/ Peter Märthesheimer/ Pea Fröhlich	male/ male/ male/ female	Michael Ballhaus	male	Michael Fengler	male	Drama	Q699490	tt0079095
The All-Around Reduced Personality: Outtakes	Die allseitig reduzierte Persönlichkeit – Redupers	1978	98	1970s	DEU	Helke Sander	female	Helke Sander	female					Drama	Q22690567	tt0077150
Alexandria… Why?	Iskanderija... lih?	1979	133	1970s	EGY	Youssef Chahine	male	Youssef Chahine	male	Mohsen Nasr	male	Youssef Chahine	male	Drama	Q2060541	tt0077751
Ich denke oft an Hawaii		1978	84	1970s	DEU	Elfi Mikesch	female	Elfi Mikesch	female					Documentary	Q106717083	tt0163001
One Way Boogie Woogie		1978	60	1970s	USA	James Benning	male							Documentary		tt0206988
The Shining	The Shining	1980	144	1980s	GBR/ USA	Stanley Kubrick	male	Diane Johnson/ Stanley Kubrick/ Stephen King	female/ male/ male	John Alcott	male	Stanley Kubrick	male	Drama/ Horror	Q186341	tt0081505
Alien	Alien	1979	117	1970s	GBR/ USA	Ridley Scott	male	Dan O'Bannon/ Ronald Shusett	male/ male	Derek Vanlint	male	David Giler/ Walter Hill/ Gordon Carroll	male/ male/ male	Horror/ Sci-Fi	Q103569	tt0078748
Apocalypse Now	Apocalypse Now	1979	153	1970s	USA	Francis Ford Coppola	male	Francis Ford Coppola/ Michael Herr/ John Milius	male/ male/ male	Vittorio Storaro	male	Francis Ford Coppola	male	Drama/ Mystery/ War	Q182692	tt0078788
Camera Buff	Amator	1979	109	1970s	POL	Krzysztof Kieślowski	male	Krzysztof Kieślowski/ Jerzy Stuhr	male/ male	Jacek Petrycki	male			Comedy/ Drama/ Romance	Q2417978	tt0078763
All That Jazz	All That Jazz	1979	123	1970s	USA	Bob Fosse	male	Bob Fosse/ Robert Alan Aurthur	male/ male	Giuseppe Rotunno	male	Daniel Melnick/ Robert Alan Aurthur/ Kenneth Utt	male/ male/ male	Drama/ Music/ Musical	Q1353441	tt0078754
Stalker	Stalker	1979	163	1970s	SUN	Andrei Tarkovsky	male	Andrei Tarkovsky/ Arkady Strugatsky/ Boris Strugatsky	male/ male/ male	Alexander Knyazhinsky/ Leonid Kalashnikov/ Georgy Rerberg	male/ male/ male			Drama/ Sci-Fi	Q200437	tt0079944
Berlin Alexanderplatz	Berlin Alexanderplatz	1980	931		DEU	Rainer Werner Fassbinder	male	Rainer Werner Fassbinder	male	Xaver Schwarzenberger	male	Peter Märthesheimer	male	Crime/ Drama	Q705694	tt0080196
Marianne and Juliane	Die bleierne Zeit	1981	106	1980s	DEU	Margarethe von Trotta	female	Margarethe von Trotta	female	Franz Rath	male	Eberhard Junkersdorf	male	Drama	Q703966	tt0082081
Raiders of the Lost Ark	Raiders of the Lost Ark	1981	115	1980s	USA	Steven Spielberg	male	Lawrence Kasdan/ George Lucas/ Philip Kaufman	male/ male/ male	Douglas Slocombe	male	George Lucas/ Frank Marshall/ Howard Kazanjian	male/ male/ male	Action/ Adventure	Q174284	tt0082971
Fanny and Alexander	Fanny och Alexander	1982	188	1980s	FRA/ DEU/ SWE	Ingmar Bergman	male	Ingmar Bergman	male	Sven Nykvist	male	Jörn Donner	male	Drama	Q165651	tt0083922
First Blood	First Blood	1982	93	1980s	USA	Ted Kotcheff	male	Sylvester Stallone/ David Kozoll/ William Sackheim/ David Morrell	male/ male/ male/ male	Andrew Laszlo	male	Mario Kassar/ Andrew G. Vajna	male/ male	Action/ Adventure/ Thriller	Q244963	tt0083944
Diva	Diva	1981	123	1980s	FRA	Jean-Jacques Beineix	male	Jean Van Hamme/ Jean-Jacques Beineix/ Daniel Odier	male/ male/ male	Philippe Rousselot	male	Claudie Ossard/ Serge Silberman	female/ male	Comedy/ Crime/ Music	Q735383	tt0082269
Blade Runner	Blade Runner	1982	112	1980s	HKG/ USA	Ridley Scott	male	Hampton Fancher/ David Peoples	male/ male	Jordan Cronenweth	male	Michael Deeley/ Bud Yorkin/ Jerry Perenchio/ Ivor Powell	male/ male/ male/ male	Action/ Drama/ Sci-Fi	Q184843	tt0083658
Sans Soleil	Sans soleil	1982	100	1980s	FRA	Chris Marker	male	Chris Marker	male			Chris Marker	male	Documentary/ Drama	Q290796	tt0084628
Yol	Yol	1982	114	1980s	TUR	Yılmaz Güney/ Şerif Gören	male/ male	Yılmaz Güney	male			Yılmaz Güney	male	Drama	Q683020	tt0084934
Passion	Passion	1982	87	1980s	CHE/ FRA	Jean-Luc Godard	male	Jean-Luc Godard/ Jean-Claude Carrière	male/ male	Raoul Coutard	male	Alain Sarde	male	Comedy/ Drama	Q672061	tt0084481
Reassemblage	Reassemblage	1982	40	1980s	USA	Trinh T. Minh-ha	female							Documentary	Q30605441	tt0084577
Videodrome	Videodrome	1983	89	1980s	CAN/ USA	David Cronenberg	male	David Cronenberg	male	Mark Irwin	male	Pierre David	male	Horror/ Sci-Fi/ Thriller	Q747551	tt0086541
The Ballad of Narayama	Narayama bushikō	1983	130	1980s	JPN	Shohei Imamura	male	Shohei Imamura/ Shichirō Fukazawa	male/ male					Drama	Q1140513	tt0084390
Born in Flames	Born in Flames	1983	80	1980s	USA	Lizzie Borden	female	Lizzie Borden	female			Lizzie Borden	female	Comedy/ Drama/ Sci-Fi	Q893926	tt0085267
Stranger Than Paradise	Stranger Than Paradise	1984	89	1980s	DEU/ USA	Jim Jarmusch	male	Jim Jarmusch	male	Tom DiCillo	male	Sara Driver	female	Comedy/ Drama	Q1345409	tt0088184
The Terminator	The Terminator	1984	108	1980s	GBR/ USA	James Cameron	male	James Cameron/ Gale Anne Hurd/ William Wisher	male/ female/ male	Adam Greenberg	male	Gale Anne Hurd	female	Action/ Sci-Fi	Q162255	tt0088247
Yeleen	Yeelen	1987	105	1980s	DEU/ FRA/ MLI	Souleymane Cissé	male	Souleymane Cissé	male			Souleymane Cissé	male	Drama/ Fantasy	Q2335016	tt0094349
Heimat	Heimat – Eine deutsche Chronik	1984	924	1980s	DEU	Edgar Reitz	male	Edgar Reitz/ Peter Steinbach	male/ male	Gernot Roll	male	Edgar Reitz	male	Drama/ History/ War	Q3249691	tt0087400
Yellow Earth	Huáng tǔdì	1984	89	1980s	CHN	Chen Kaige	male	Chen Kaige	male	Zhang Yimou	male			Drama/ History/ Music	Q975564	tt0087433
Shoah	Shoah	1985	540	1980s	FRA/ GBR	Claude Lanzmann	male	Claude Lanzmann	male	William Lubtchansky	male	Claude Lanzmann	male	Documentary/ History/ War	Q1720765	tt0090015
The Horse Thief	Dao ma zei	1985	88	1980s	CHN	Tian Zhuangzhuang	male	Zhang Rui	female	Hou Yong/ Zhao Fei	male/ male	Wu Tianming	male	Drama	Q2456917	tt0090907
My Beautiful Laundrette	My Beautiful Laundrette	1985	93	1980s	GBR	Stephen Frears	male	Hanif Kureishi	male	Oliver Stapleton	male	Tim Bevan/ Sarah Radclyffe	male/ female	Comedy/ Drama/ Romance	Q735314	tt0091578
The Purple Rose of Cairo	The Purple Rose of Cairo	1985	82	1980s	USA	Woody Allen	male	Woody Allen	male	Gordon Willis	male	Robert Greenhut	male	Comedy/ Fantasy/ Romance	Q912729	tt0089853
Alpine Fire	Höhenfeuer	1985	114	1980s	CHE	Fredi M. Murer	male	Fredi M. Murer	male	Pio Corradi	male			Drama	Q1569996	tt0093235
The Time to Live and a Time to Die	Tóng nián wǎng shì	1985	138	1980s	TWN	Hou Hsiao-Hsien	male	Chu Tien-wen/ Hou Hsiao-Hsien	female/ male	Mark Lee Ping Bin	male			Biography/ Drama	Q697070	tt0090185
Peking Opera Blues	Do ma daan	1986	104	1980s	HKG	Tsui Hark	male	Raymond To	male			Tsui Hark	male	Comedy/ Action	Q3374423	tt0090952
Blue Velvet	Blue Velvet	1986	121	1980s	USA	David Lynch	male	David Lynch	male	Frederick Elmes	male	Fred C. Caruso/ Dino De Laurentiis/ Richard Roth	male/ male/ male	Crime/ Drama/ Mystery	Q660950	tt0090756
The Peddler	Dastforoush	1986	95	1980s	IRN	Mohsen Makhmalbaf	male	Mohsen Makhmalbaf	male					Drama	Q5760086	tt0092833
A Better Tomorrow	Yīngxióng Běnsè	1986	95	1980s	HKG	John Woo	male	John Woo/ Chan Hing-ka	male/ male			Tsui Hark	male	Action/ Crime/ Drama	Q641346	tt0092263
Bashu, the Little Stranger	Bashú, gharibeh kuchak	1986	120	1980s	IRN	Bahram Bayzai	male	Bahram Bayzai	male	Firooz Malekzadeh	male			Drama/ War	Q2886770	tt0096894
Top Gun	Top Gun	1986	110	1980s	USA	Tony Scott	male	Jim Cash/ Jack Epps, Jr.	male/ male	Jeffrey L. Kimball	male	Don Simpson/ Jerry Bruckheimer	male/ male	Action/ Drama	Q110138	tt0092099
Handsworth Songs	Handsworth Songs	1986	61	1980s	GBR	John Akomfrah	male							Documentary	Q18924399	tt0251113
Wedding in Gallilee		1987	113	1980s	BEL/ FRA	Michel Khleifi	male	Michel Khleifi	male					Drama	Q3342585	tt0094229
Where Is the Friend s Home?	Khane-ye dust kojast	1987	83	1980s	IRN	Abbas Kiarostami	male	Abbas Kiarostami	male	Farhad Saba	male			Drama/ Family	Q2308266	tt0093342
A Chinese Ghost Story	Ch'ien-nü Yu-hun	1987	92	1980s	HKG	Ching Siu-tung	male	Yuen Kai Chi	male			Tsui Hark	male	Action/ Fantasy/ Horror	Q300356	tt0093978
Family Viewing	Family Viewing	1987	86	1980s	CAN	Atom Egoyan	male	Atom Egoyan	male	Robert MacDonald/ Peter Mettler	male/ male			Drama	Q4415155	tt0093006
Images of the World and the Inscription of War	Bilder der Welt und Inschrift des Krieges	1988	75	1980s	DEU	Harun Farocki	male	Harun Farocki	male					Documentary/ War	Q106717441	tt0094745
Time of the Gypsies	Dom za vešanje	1988	135	1980s	GBR/ ITA/ YUG	Emir Kusturica	male	Emir Kusturica/ Gordan Mihić	male/ male	Vilko Filac	male	Harry Saltzman	male	Comedy/ Crime/ Drama	Q615979	tt0097223
"Histoire(s) du cinéma
"	Histoire(s) du cinéma	1988	267	1990s	CHE/ FRA	Jean-Luc Godard	male	Jean-Luc Godard	male					Documentary	Q2533567	tt6677224
The Thin Blue Line	The Thin Blue Line	1988	103	1980s	USA	Errol Morris	male	Errol Morris	male	Robert Chappell	male			Documentary/ Crime	Q162997	tt0096257
Salaam Bombay!	"Salaam Bombay!
"	1988	113	1980s	FRA/ GBR/ IND	Mira Nair	female	Mira Nair	female			Mira Nair	female	Crime/ Drama	Q1637390	tt0096028
Roger & Me	Roger & Me	1989	91	1980s	USA	Michael Moore	male	Michael Moore	male	Kevin Rafferty	male	Wendey Stanzler	female	Documentary	Q1569662	tt0098213
Sex, Lies, and Videotape	Sex, Lies, and Videotape	1989	101	1980s	USA	Steven Soderbergh	male	Steven Soderbergh	male	Walt Lloyd	male	Robert Newmyer	male	Drama	Q1367548	tt0098724
Looking for Langston	Looking for Langston	1989	45	1980s	GBR/ USA	Isaac Julien	male	Isaac Julien	male					Biography/ Drama	Q6675384	tt0095545
Tongues Untied	Tongues Untied	1989	55	1980s	USA	Marlon Riggs	male	Joseph Beam/ Chris Harris/ Essex Hemphill	male/ male/ male			Marlon Riggs	male	Documentary	Q7821187	tt0103099
Do the Right Thing	Do the Right Thing	1989	120	1980s	USA	Spike Lee	male	Spike Lee	male	Ernest Dickerson	male	Spike Lee/ Monty Ross	male/ male	Comedy/ Drama	Q1141252	tt0097216
A City of Sadness	Bēiqíng chéngshì	1989	158	1980s	TWN	Hou Hsiao-Hsien	male	Chu Tien-wen	female	Chen Hwai-En	male	Chiu Fu-sheng	male	Drama/ History	Q133461	tt0096908
Virgin Machine	Die Jungfrauenmaschine	1989	84	1980s	DEU	Monika Treut	female	Monika Treut	female	Elfi Mikesch	female	Monika Treut/ Elfi Mikesch	female/ female	Drama/ Romance	Q64211902	tt0095417
Goodfellas	Goodfellas	1990	146	1990s	USA	Martin Scorsese	male	Nicholas Pileggi/ Martin Scorsese	male/ male	Michael Ballhaus	male	Irwin Winkler	male	Biography/ Crime/ Drama	Q42047	tt0099685
Close-Up	Klūzāp, nemā-ye nazdīk	1990	98	1990s	FRA/ IRN	Abbas Kiarostami	male	Abbas Kiarostami	male					Biography/ Crime/ Drama	Q498277	tt0100234
Home Stories	Home Stories	1990	6	1990s	DEU	Matthias Müller	male							Short	Q57168629	tt0099786
Song of the Exile	Ke tu qiu hen	1990	100	1990s	HKG	Ann Hui	female	Wu Nien-jen	male					Drama	Q548742	tt0099927
Paris Is Burning	Paris Is Burning	1990	71	1990s	USA	Jennie Livingston	female	Stephan Elliott	male			Jennie Livingston	female	Documentary	Q7137311	tt0100332
Thelma & Louise	Thelma & Louise	1991	129	1990s	USA	Ridley Scott	male	Callie Khouri	female	Adrian Biddle	male	Ridley Scott	male	Adventure/ Crime/ Drama	Q658041	tt0103074
"Videograms of a Revolution
"	Videograms of a Revolution	1991	106	1990s	DEU	Andrei Ujică/ Harun Farocki	male/ male	Andrei Ujică	male					Documentary/ History/ War	Q2523046	tt0108489
JFK	JFK	1991	189	1990s	USA	Oliver Stone	male	Jim Marrs/ Jim Garrison/ Oliver Stone	male/ male/ male	Robert Richardson	male	Oliver Stone/ Arnon Milchan/ A. Kitman Ho	male/ male/ male	Drama/ History/ Thriller	Q741823	tt0102138
A Brighter Summer Day	Gulingjie Shaonian Sharen Shijian	1991	237	1990s	TWN	Edward Yang	male	Edward Yang	male					Crime/ Drama/ Romance	Q710745	tt0101985
Raise the Red Lantern 	Dà hóng dēnglóng gāogāo guà	1991	125	1990s	CHN	Zhang Yimou	male	Ni Zhen	male	Zhao Fei	male	Hou Hsiao-Hsien	male	Drama/ History/ Romance	Q665146	tt0101640
Daughters of the Dust	Daughters of the Dust	1991	112	1990s	USA	Julie Dash	female	Julie Dash	female					Drama/ History/ Romance	Q3285003	tt0104057
Center Stage	Ruǎn Língyù	1992	126	1990s	HKG	Stanley Kwan	male	Peggy Chiao/ Kang Chien Chiu	female/ male			Willie Chan/ Tsui Siu-Ming	male/ male	Biography/ Drama/ Romance	Q2944359	tt0102816
Unforgiven	Unforgiven	1992	131	1990s	USA	Clint Eastwood	male	David Peoples	male	Jack N. Green	male	Clint Eastwood	male	Drama/ Western	Q104137	tt0105695
Orlando	Orlando	1992	94	1990s	FRA/ GBR/ ITA/ NLD/ RUS	Sally Potter	female	Sally Potter	female	Alexei Rodionov	male	Luigi Musini/ Christopher Sheppard	male/ male	Biography/ Drama/ Fantasy	Q188384	tt0107756
Living in Bondage	Living in Bondage	1992	163	1990s	NGA	Chris Obi Rapu	male	Kenneth Nnebue/ Okey Ogunjiofor	male/ male					Drama	Q3038304	tt0489511
Blue	Blue	1993	76	1990s	GBR	Derek Jarman	male	Derek Jarman	male			James Mackay	male	Biography/ Drama	Q885594	tt0106438
D'Est	D'Est	1993	107	1990s	FRA	Chantal Akerman	female	Chantal Akerman	female					Documentary	Q21427163	tt0106642
Chungking Express	Chungking Express	1994	102	1990s	HKG	Wong Kar-wai	male	Wong Kar-wai	male	Andrew Lau/ Christopher Doyle	male/ male			Comedy/ Crime/ Drama	Q766263	tt0109424
Pulp Fiction	Pulp Fiction	1994	154	1990s	USA	Quentin Tarantino	male	Quentin Tarantino/ Roger Avary	male/ male	Andrzej Sekuła	male	Lawrence Bender	male	Crime/ Drama	Q104123	tt0110912
Sátántangó	Sátántangó	1994	450	1990s	CHE/ DEU/ HUN	Béla Tarr	male	Béla Tarr/ László Krasznahorkai/ Mihály Víg/ Péter Dobai	male/ male/ male/ male	Gábor Medvigy	male	György Fehér/ Joachim von Vietinghoff/ Ruth Waldburger	male/ male/ female	Drama	Q53481	tt0111341
Hum Aapke Hain Koun..!	Hum Aapke Hain Koun..!	1994	206	1990s	IND	Sooraj R. Barjatya	male	Sooraj R. Barjatya	male	Rajan Kinagi	male			Comedy/ Drama/ Musical	Q1497594	tt0110076
The Silences of the Palace	ṣamt al-quṣūr	1994	127	1990s	FRA/ TUN	Moufida Tlatli	female	Moufida Tlatli	female			Ahmed Bahaeddine Attia	male	Drama	Q2746780	tt0111055
Dilwale Dulhania Le Jayenge	Dilwale Dulhania Le Jayenge	1995	245	1990s	IND	Aditya Chopra	male	Aditya Chopra/ Javed Siddiqui	male/ male	Manmohan Singh	male	Yash Chopra	male	Drama/ Romance	Q849343	tt0112870
Safe	Safe	1995	119	1990s	GBR/ USA	Todd Haynes	male	Todd Haynes	male	Alex Nepomniaschy	male	Christine Vachon	female	Drama	Q2731453	tt0114323
Chronicle of a Disappearance		1996	88	1990s	PSE	Elia Suleiman	male	Elia Suleiman	male			Elia Suleiman	male	Drama	Q2966751	tt0115895
Fire	Fire	1996	104	1990s	CAN/ IND	Deepa Mehta	female	Deepa Mehta	female	Giles Nuttgens	male	Deepa Mehta	female	Drama/ Romance	Q1418833	tt0116308
The Watermelon Woman	The Watermelon Woman	1996	90	1990s	USA	Cheryl Dunye	female	Cheryl Dunye	female			Alexandra Juhasz	female	Comedy/ Drama/ Romance	Q2065014	tt0118125
Mother and Son	Mat i syn	1997	73	1990s	DEU/ RUS	Alexander Sokurov	male	Yuriy Arabov	male	Aleksey Fyodorov	male			Drama	Q2290357	tt0119711
Exil Shanghai	Exil Shanghai	1997	275	1990s	DEU	Ulrike Ottinger	female	Ulrike Ottinger	female	Ulrike Ottinger/ Joseph Zicherman	female/ male			Documentary	Q22998507	tt0119089
The Big Lebowski	The Big Lebowski	1998	117	1990s	GBR/ USA	Joel Coen/ Ethan Coen	male/ male	Joel Coen/ Ethan Coen	male/ male	Roger Deakins	male	Tim Bevan/ Eric Fellner/ Joel Coen/ Ethan Coen	male/ male/ male/ male	Comedy/ Crime	Q337078	tt0118715
From the Heart	Dil Se..	1998	163	1990s	IND	Mani Ratnam	male	Mani Ratnam	male	Santosh Sivan	male	Mani Ratnam/ Ram Gopal Varma/ Shekhar Kapur/ Bharat Shah	male/ male	Drama/ Romance	Q944356	tt0164538
The Thin Red Line	The Thin Red Line	1998	166	1990s	USA	Terrence Malick	male	Terrence Malick/ James Jones	male/ male	John Toll	male	Grant Hill		Drama/ History/ War	Q221491	tt0120863
Beau Travail	Beau Travail	1999	92	1990s	FRA	Claire Denis	female	Claire Denis/ Jean-Pol Fargeau	female/ male	Agnès Godard	female	Patrick Grandperret	male	Drama/ War	Q1193562	tt0209933
Rosetta	Rosetta	1999	93	1990s	BEL/ FRA	Jean-Pierre Dardenne/  Luc Dardenne	male/ male	Jean-Pierre Dardenne/  Luc Dardenne	male/ male	Alain Marcoen	male	Jean-Pierre Dardenne/ Laurent Pétin/ Michèle Pétin/ Arlette Zylberberg/ Luc Dardenne	male/ female/ female	Drama	Q1907380	tt0200071
Romance	Romance	1999	99	1990s	FRA	Catherine Breillat	female	Catherine Breillat	female	Giorgos Arvanitis	male	Jean-François Lepetit		Drama/ Romance	Q1752790	tt0194314
"Boys Don't Cry
"	Boys Don't Cry	1999	118	1990s	USA	Kimberly Peirce	female	Kimberly Peirce/ Andy Bienen	female/ male	Jim Denault	male	Christine Vachon/ Eva Kolodner/ John Hart/ Jeffrey Sharp	female/ male	Biography/ Crime/ Drama	Q465646	tt0171804
In the Mood For Love	huāyàng niánhuá	2000	98	2000s	FRA/ HKG/ THA	Wong Kar-wai	male	Wong Kar-wai	male	Christopher Doyle/ Kwan Pun Leung/ Mark Lee Ping Bin	male/ male/ male	Wong Kar-wai	male	Drama/ Romance	Q1056853	tt0118694
The Circle	Dayereh	2000	88	2000s	CHE/ IRN/ ITA	Jafar Panahi	male	Kambuzia Partovi/ Jafar Panahi	male/ male	Bahram Badakshani	male	Jafar Panahi	male	Drama	Q1194947	tt0255094
Crouching Tiger, Hidden Dragon	Wò hǔ cáng lóng	2003	115	2000s	CHN/ HKG/ TWN/ USA	Ang Lee	male	James Schamus/ Wang Hui-ling/ Kuo Jung Tsai	male/ female/ male	Peter Pau	male	Hsu Li Kong/ William Kong/ Ang Lee	male	Action/ Adventure/ Drama	Q273978	tt0190332
What Time Is it There?	Nǐ nà biān jǐ diǎn	2001	116	2000s	FRA/ TWN	Tsai Ming-liang	male	Tsai Ming-liang	male	Benoît Delhomme	male			Drama/ Romance	Q1634327	tt0269746
Infernal Affairs	Wújiàndào	2002	97	2000s	HKG	Andrew Lau/ Alan Mak	male/ male	Alan Mak/ Felix Chong	male/ male	Andrew Lau/ Lai Yiu-fai	male/ male	Andrew Lau		Action/ Crime/ Drama	Q714057	tt0338564
Distant	Uzak	2002	109	2000s	TUR	Nuri Bilge Ceylan	male	Nuri Bilge Ceylan/ Cemil Kavukçu	male/ male	Nuri Bilge Ceylan	male	Nuri Bilge Ceylan	male	Drama	Q1361018	tt0346094
Spring, Summer, Winter...and Spring	Bom yeoreum gaeul gyeoul geurigo bom	2003	103	2000s	DEU/ KOR	Kim Ki-duk	male	Kim Ki-duk	male	Baek Dong-hyeon	male	Karl Baumgartner/ Lee Seung-jae		Drama/ Romance	Q494871	tt0374546
Tropical Malady	Satpralat	2004	118	2000s	DEU/ FRA/ ITA/ THA	Apichatpong Weerasethakul	male	Apichatpong Weerasethakul	male					Drama/ Fantasy/ Romance	Q594131	tt0381668
Waiting for the Clouds	Bulutlari beklerken	2004	94	2000s	DEU/ FRA/ TUR	Yeşim Ustaoğlu	female	Yeşim Ustaoğlu/ Petros Markaris	female/ male			Mehmet Aktaş	male	Drama	Q2540799	tt0418309
Marseille	Marseille	2004	95	2000s	DEU	Angela Schanelec	female	Angela Schanelec	female	Reinhold Vorschneider	male	Florian Koerner von Gustorf	male	Drama	Q3294998	tt0360779
Caché	Caché	2005	117	2000s	AUT/ DEU/ FRA/ ITA	Michael Haneke	male	Michael Haneke	male	Christian Berger	male	Veit Heiduschka/ Margaret Ménégoz	male/ female	Drama/ Mystery/ Thriller	Q383173	tt0387898
Grizzly Man	Grizzly Man	2005	103	2000s	USA	Werner Herzog	male	Werner Herzog	male	Peter Zeitlinger	male	Billy Campbell/ Tom Ortenberg		Documentary/ Biography	Q1067409	tt0427312
Still Life	"Sānxiá hǎorén
"	2006	111	2000s	CHN/ HKG	Jia Zhangke	male	Jia Zhangke	male	Yu Lik-wai	male	Zhu Jiong		Drama	Q1371155	tt0859765
Forever	Forever	2006	95	2000s	NLD	Heddy Honigmann	female	Heddy Honigmann	female					Documentary	Q13636884	tt0906743
Om Shanti Om 	Om Shanti Om	2007	169	2000s	IND	Farah Khan	female	Farah Khan	female	V. Manikandan	male	Gauri Khan/ Shah Rukh Khan	female/ male	Action/ Comedy/ Drama	Q330468	tt1024943
Waltz with Bashir	Vals Im Bashir	2008	87	2000s	DEU/ FRA/ GBR/ ISR	Ari Folman	male	Ari Folman	male	Declan Quinn	male	Ari Folman	male	Documentary/ Animation/ Biography	Q160793	tt1185616
Z32	Z32	2008	81	2000s	FRA/ ISR	Avi Mograbi	male	Noam Enbar/ Avi Mograbi	male/ male					Documentary	Q3574331	tt1270707
Antichrist	Antichrist	2009	104	2000s	DEU/ DNK/ FRA/ ITA/ POL/ SWE	Lars von Trier	male	Lars von Trier	male	Anthony Dod Mantle	male	Meta Louise Foldager	female	Drama/ Horror/ Thriller	Q574998	tt0870984
The Hurt Locker	The Hurt Locker	2009	131	2000s	USA	Kathryn Bigelow	female	Mark Boal	male	Barry Ackroyd	male	Kathryn Bigelow/ Mark Boal/ Nicolas Chartier	female/ male/ male	Drama/ Thriller/ War	Q183066	tt0887912
Police, Adjective	Polițist	2009	115	2000s	ROU	Corneliu Porumboiu	male	Corneliu Porumboiu	male					Crime/ Drama	Q2913585	tt1337051
Tomboy	Tomboy	2011	82	2010s	FRA	Céline Sciamma	female	Céline Sciamma	female	Crystel Fournier	female	Bénédicte Couvreur	male	Drama	Q926083	tt1847731
Citizenfour	Citizenfour	2014	114	2010s	DEU/ GBR/ USA	Laura Poitras	female	Laura Poitras	female	Kirsten Johnson/ Trevor Paglen/ Laura Poitras/ Katy Scoggin	female/ male/ female/ female	Mathilde Bonnefoy/ Kirsten Johnson/ Laura Poitras/ Katy Scoggin/ Dirk Wilutzky	female/ female/ female/ female/ male	Documentary/ Biography/ History	Q18218448	tt4044364
